Timestamp,Time,LN2 - level (%)
1759381211.599379,00:00:11,69.195
1759381221.676097,00:00:21,68.470
1759381231.76038,00:00:31,67.927
1759381241.827511,00:00:41,67.567
1759381251.900319,00:00:51,66.922
1759381261.966223,00:01:01,66.341
1759381272.032782,00:01:12,65.966
1759381282.103123,00:01:22,65.937
1759381292.169336,00:01:32,65.815
1759381302.236057,00:01:42,65.483
1759381312.307095,00:01:52,65.137
1759381322.373339,00:02:02,64.889
1759381332.440226,00:02:12,64.751
1759381342.513791,00:02:22,64.808
1759381352.580311,00:02:32,64.520
1759381362.647251,00:02:42,64.292
1759381372.741245,00:02:52,63.733
1759381382.807789,00:03:02,74.993
1759381392.87458,00:03:12,80.611
1759381402.946017,00:03:22,81.370
1759381413.013532,00:03:33,81.477
1759381423.080045,00:03:43,82.042
1759381433.15159,00:03:53,82.261
1759381443.219545,00:04:03,82.686
1759381453.285899,00:04:13,82.908
1759381463.355651,00:04:23,82.934
1759381473.422236,00:04:33,82.812
1759381483.488512,00:04:43,82.628
1759381493.557778,00:04:53,82.274
1759381503.624564,00:05:03,81.789
1759381513.690867,00:05:13,80.568
1759381523.794217,00:05:23,80.018
1759381533.861143,00:05:33,79.977
1759381543.927418,00:05:43,79.966
1759381553.999553,00:05:53,79.494
1759381564.065702,00:06:04,79.501
1759381574.132073,00:06:14,79.256
1759381584.212553,00:06:24,79.446
1759381594.279163,00:06:34,79.904
1759381604.345881,00:06:44,79.494
1759381614.414983,00:06:54,78.441
1759381624.481605,00:07:04,77.697
1759381634.547809,00:07:14,76.766
1759381644.618827,00:07:24,75.716
1759381654.685252,00:07:34,74.886
1759381664.774593,00:07:44,74.281
1759381674.848431,00:07:54,73.008
1759381684.914734,00:08:04,71.252
1759381694.981492,00:08:14,70.018
1759381705.055112,00:08:25,69.569
1759381715.121758,00:08:35,69.756
1759381725.188324,00:08:45,69.291
1759381735.261318,00:08:55,68.767
1759381745.327573,00:09:05,68.257
1759381755.39381,00:09:15,67.706
1759381765.463796,00:09:25,67.400
1759381775.530564,00:09:35,67.395
1759381785.596837,00:09:45,67.161
1759381795.670003,00:09:55,66.659
1759381805.736781,00:10:05,66.371
1759381815.826401,00:10:15,66.078
1759381825.901869,00:10:25,65.702
1759381835.968026,00:10:35,64.861
1759381846.03507,00:10:46,64.404
1759381856.106093,00:10:56,64.508
1759381866.172347,00:11:06,64.699
1759381876.239595,00:11:16,64.824
1759381886.309728,00:11:26,65.021
1759381896.376026,00:11:36,64.441
1759381906.443091,00:11:46,64.363
1759381916.512488,00:11:56,64.093
1759381926.578829,00:12:06,63.852
1759381936.645907,00:12:16,63.696
1759381946.715474,00:12:26,73.485
1759381956.801141,00:12:36,80.519
1759381966.877589,00:12:46,81.099
1759381976.951985,00:12:56,81.504
1759381987.018797,00:13:07,82.112
1759381997.085197,00:13:17,82.400
1759382007.165447,00:13:27,82.710
1759382017.231678,00:13:37,82.846
1759382027.298055,00:13:47,82.985
1759382037.368401,00:13:57,82.627
1759382047.434953,00:14:07,81.917
1759382057.501421,00:14:17,81.423
1759382067.576347,00:14:27,81.405
1759382077.643329,00:14:37,81.329
1759382087.709772,00:14:47,81.350
1759382097.78186,00:14:57,81.115
1759382107.861871,00:15:07,80.792
1759382117.927954,00:15:17,80.787
1759382127.997249,00:15:27,80.587
1759382138.063945,00:15:38,80.424
1759382148.130072,00:15:48,80.207
1759382158.206585,00:15:58,80.020
1759382168.273069,00:16:08,79.738
1759382178.339451,00:16:18,79.156
1759382188.413636,00:16:28,77.984
1759382198.48016,00:16:38,76.982
1759382208.546478,00:16:48,76.316
1759382218.620106,00:16:58,75.376
1759382228.686719,00:17:08,73.401
1759382238.753033,00:17:18,72.022
1759382248.845357,00:17:28,72.055
1759382258.913894,00:17:38,71.091
1759382268.980372,00:17:48,70.281
1759382279.05191,00:17:59,70.756
1759382289.118472,00:18:09,70.370
1759382299.184938,00:18:19,69.888
1759382309.254078,00:18:29,69.372
1759382319.32031,00:18:39,68.972
1759382329.386733,00:18:49,68.202
1759382339.455571,00:18:59,67.311
1759382349.522058,00:19:09,66.841
1759382359.588631,00:19:19,66.327
1759382369.662676,00:19:29,65.967
1759382379.728928,00:19:39,65.565
1759382389.796188,00:19:49,65.172
1759382399.902591,00:19:59,64.733
1759382409.969056,00:20:09,64.694
1759382420.035954,00:20:20,64.501
1759382430.104455,00:20:30,64.343
1759382440.170653,00:20:40,64.102
1759382450.237267,00:20:50,63.879
1759382460.307661,00:21:00,63.680
1759382470.374675,00:21:10,76.818
1759382480.441118,00:21:20,80.493
1759382490.510924,00:21:30,81.510
1759382500.577576,00:21:40,81.710
1759382510.643793,00:21:50,82.201
1759382520.718033,00:22:00,82.435
1759382530.784236,00:22:10,82.891
1759382540.85052,00:22:20,82.943
1759382550.954966,00:22:30,82.965
1759382561.02106,00:22:41,82.871
1759382571.088118,00:22:51,82.487
1759382581.161349,00:23:01,82.325
1759382591.236391,00:23:11,82.272
1759382601.303097,00:23:21,81.689
1759382611.373344,00:23:31,81.242
1759382621.439667,00:23:41,80.398
1759382631.506187,00:23:51,79.891
1759382641.577176,00:24:01,79.604
1759382651.643427,00:24:11,79.573
1759382661.709825,00:24:21,79.498
1759382671.77865,00:24:31,79.408
1759382681.845461,00:24:41,78.787
1759382691.929154,00:24:51,77.074
1759382701.998447,00:25:01,76.348
1759382712.064958,00:25:12,75.415
1759382722.131086,00:25:22,74.590
1759382732.203211,00:25:32,74.094
1759382742.270094,00:25:42,73.582
1759382752.336391,00:25:52,72.601
1759382762.411712,00:26:02,71.204
1759382772.477731,00:26:12,70.255
1759382782.544136,00:26:22,70.515
1759382792.615328,00:26:32,70.303
1759382802.682062,00:26:42,69.596
1759382812.748927,00:26:52,69.977
1759382822.819304,00:27:02,69.377
1759382832.892314,00:27:12,68.692
1759382842.977793,00:27:22,68.340
1759382853.048169,00:27:33,67.608
1759382863.114836,00:27:43,66.946
1759382873.181683,00:27:53,66.343
1759382883.250866,00:28:03,65.910
1759382893.317621,00:28:13,65.730
1759382903.384422,00:28:23,65.623
1759382913.455623,00:28:33,65.402
1759382923.521983,00:28:43,65.239
1759382933.588687,00:28:53,64.904
1759382943.658817,00:29:03,64.616
1759382953.725537,00:29:13,64.369
1759382963.792088,00:29:23,64.295
1759382973.864865,00:29:33,64.333
1759382983.959081,00:29:43,64.430
1759382994.025621,00:29:54,64.289
1759383004.095991,00:30:04,63.781
1759383014.162107,00:30:14,63.890
1759383024.242621,00:30:24,63.749
1759383034.312265,00:30:34,63.995
1759383044.378782,00:30:44,64.002
1759383054.446007,00:30:54,63.775
1759383064.516515,00:31:04,63.594
1759383074.582912,00:31:14,78.284
1759383084.650179,00:31:24,80.706
1759383094.726275,00:31:34,81.528
1759383104.792911,00:31:44,81.956
1759383114.859942,00:31:54,82.479
1759383124.94286,00:32:04,82.828
1759383135.019979,00:32:15,82.993
1759383145.086161,00:32:25,83.027
1759383155.159536,00:32:35,82.650
1759383165.243835,00:32:45,81.990
1759383175.310599,00:32:55,81.325
1759383185.380672,00:33:05,81.672
1759383195.447567,00:33:15,81.700
1759383205.514029,00:33:25,81.527
1759383215.583136,00:33:35,81.518
1759383225.649539,00:33:45,81.464
1759383235.715988,00:33:55,81.234
1759383245.788764,00:34:05,81.024
1759383255.85495,00:34:15,80.833
1759383265.921331,00:34:25,80.365
1759383276.014786,00:34:36,79.699
1759383286.080898,00:34:46,79.563
1759383296.147579,00:34:56,78.394
1759383306.218784,00:35:06,77.343
1759383316.285115,00:35:16,76.505
1759383326.351545,00:35:26,75.850
1759383336.420225,00:35:36,75.157
1759383346.486794,00:35:46,74.278
1759383356.553015,00:35:56,73.246
1759383366.625926,00:36:06,72.179
1759383376.692364,00:36:16,71.351
1759383386.758651,00:36:26,70.538
1759383396.827475,00:36:36,69.969
1759383406.894093,00:36:46,69.269
1759383416.976778,00:36:56,68.637
1759383427.050467,00:37:07,68.390
1759383437.117462,00:37:17,68.002
1759383447.184258,00:37:27,67.217
1759383457.2531,00:37:37,66.654
1759383467.319741,00:37:47,66.627
1759383477.38627,00:37:57,66.448
1759383487.458208,00:38:07,66.098
1759383497.524973,00:38:17,65.882
1759383507.591532,00:38:27,65.934
1759383517.660826,00:38:37,65.516
1759383527.727018,00:38:47,65.234
1759383537.793482,00:38:57,64.762
1759383547.867839,00:39:07,64.520
1759383557.933749,00:39:17,64.483
1759383568.025465,00:39:28,64.130
1759383578.094329,00:39:38,64.049
1759383588.160597,00:39:48,63.712
1759383598.239418,00:39:58,63.648
1759383608.311023,00:40:08,63.732
1759383618.377472,00:40:18,77.530
1759383628.443815,00:40:28,80.329
1759383638.513333,00:40:38,81.290
1759383648.579763,00:40:48,81.656
1759383658.64633,00:40:58,82.436
1759383668.715212,00:41:08,82.698
1759383678.782051,00:41:18,82.799
1759383688.849088,00:41:28,82.725
1759383698.920759,00:41:38,82.432
1759383709.007524,00:41:49,81.975
1759383719.078256,00:41:59,81.825
1759383729.148345,00:42:09,80.922
1759383739.215455,00:42:19,80.664
1759383749.281685,00:42:29,80.933
1759383759.350269,00:42:39,80.656
1759383769.41681,00:42:49,80.026
1759383779.483391,00:42:59,79.886
1759383789.553553,00:43:09,80.099
1759383799.619931,00:43:19,79.643
1759383809.685978,00:43:29,79.496
1759383819.758438,00:43:39,79.384
1759383829.825032,00:43:49,78.459
1759383839.89166,00:43:59,77.562
1759383849.961604,00:44:09,76.269
1759383860.056013,00:44:20,75.217
1759383870.12261,00:44:30,74.189
1759383880.191939,00:44:40,73.012
1759383890.258208,00:44:50,72.429
1759383900.324674,00:45:00,71.541
1759383910.394321,00:45:10,70.963
1759383920.460721,00:45:20,70.342
1759383930.527322,00:45:30,69.748
1759383940.602615,00:45:40,69.241
1759383950.669444,00:45:50,68.686
1759383960.736343,00:46:00,68.320
1759383970.81142,00:46:10,67.946
1759383980.878548,00:46:20,67.610
1759383990.94482,00:46:30,67.177
1759384001.016911,00:46:41,66.864
1759384011.103672,00:46:51,66.603
1759384021.169906,00:47:01,66.517
1759384031.254736,00:47:11,66.117
1759384041.320818,00:47:21,65.886
1759384051.387525,00:47:31,65.737
1759384061.459224,00:47:41,65.569
1759384071.525536,00:47:51,65.240
1759384081.591361,00:48:01,65.208
1759384091.660124,00:48:11,65.073
1759384101.726562,00:48:21,64.917
1759384111.792809,00:48:31,64.684
1759384121.866316,00:48:41,64.452
1759384131.932604,00:48:51,64.454
1759384141.998624,00:49:01,64.029
1759384152.104845,00:49:12,63.889
1759384162.171005,00:49:22,63.823
1759384172.249209,00:49:32,63.625
1759384182.319603,00:49:42,77.174
1759384192.385702,00:49:52,80.405
1759384202.451873,00:50:02,80.883
1759384212.52425,00:50:12,81.623
1759384222.590667,00:50:22,82.090
1759384232.657135,00:50:32,82.495
1759384242.730354,00:50:42,82.825
1759384252.796782,00:50:52,82.957
1759384262.863326,00:51:02,82.924
1759384272.937123,00:51:12,82.627
1759384283.003324,00:51:23,82.571
1759384293.093177,00:51:33,82.259
1759384303.166802,00:51:43,81.817
1759384313.242851,00:51:53,80.880
1759384323.309321,00:52:03,80.512
1759384333.379656,00:52:13,80.363
1759384343.445987,00:52:23,80.293
1759384353.512541,00:52:33,79.665
1759384363.586741,00:52:43,79.633
1759384373.655152,00:52:53,79.748
1759384383.72202,00:53:03,79.507
1759384393.792686,00:53:13,79.323
1759384403.8594,00:53:23,78.529
1759384413.925726,00:53:33,77.152
1759384423.995355,00:53:43,75.760
1759384434.061761,00:53:54,75.002
1759384444.145094,00:54:04,74.029
1759384454.215201,00:54:14,73.436
1759384464.281431,00:54:24,72.458
1759384474.348459,00:54:34,71.629
1759384484.417294,00:54:44,70.878
1759384494.483926,00:54:54,70.210
1759384504.549933,00:55:04,69.860
1759384514.621813,00:55:14,69.254
1759384524.688154,00:55:24,73.442
1759384534.755005,00:55:34,80.428
1759384544.827972,00:55:44,81.595
1759384554.894405,00:55:54,81.877
1759384564.96077,00:56:04,82.484
1759384575.031816,00:56:15,82.785
1759384585.126646,00:56:25,82.986
1759384595.192824,00:56:35,82.825
1759384605.268483,00:56:45,82.451
1759384615.334851,00:56:55,81.776
1759384625.401346,00:57:05,81.299
1759384635.471331,00:57:15,81.303
1759384645.537549,00:57:25,81.040
1759384655.603718,00:57:35,81.215
1759384665.674761,00:57:45,81.351
1759384675.741533,00:57:55,81.034
1759384685.807791,00:58:05,80.896
1759384695.880374,00:58:15,80.600
1759384705.946908,00:58:25,80.563
1759384716.013184,00:58:36,80.256
1759384726.09027,00:58:46,79.545
1759384736.177208,00:58:56,79.104
1759384746.253328,00:59:06,79.051
1759384756.322715,00:59:16,77.830
1759384766.389126,00:59:26,75.313
1759384776.455396,00:59:36,73.504
1759384786.524937,00:59:46,72.696
1759384796.591961,00:59:56,72.410
1759384806.658521,01:00:06,71.803
1759384816.729319,01:00:16,71.551
1759384826.796104,01:00:26,70.843
1759384836.862385,01:00:36,70.782
1759384846.932934,01:00:46,70.472
1759384856.999928,01:00:56,70.427
1759384867.066682,01:01:07,69.813
1759384877.165342,01:01:17,69.008
1759384887.231978,01:01:27,68.719
1759384897.298388,01:01:37,68.406
1759384907.368082,01:01:47,68.465
1759384917.435102,01:01:57,67.819
1759384927.501479,01:02:07,67.432
1759384937.571345,01:02:17,67.019
1759384947.638542,01:02:27,66.722
1759384957.704888,01:02:37,66.414
1759384967.775946,01:02:47,65.927
1759384977.842071,01:02:57,65.345
1759384987.909306,01:03:07,64.658
1759384997.982309,01:03:17,64.225
1759385008.04895,01:03:28,64.152
1759385018.115509,01:03:38,64.191
1759385028.205758,01:03:48,63.775
1759385038.272161,01:03:58,63.843
1759385048.338353,01:04:08,63.726
1759385058.412679,01:04:18,63.692
1759385068.479756,01:04:28,75.036
1759385078.546201,01:04:38,79.949
1759385088.622936,01:04:48,81.137
1759385098.689825,01:04:58,81.825
1759385108.756201,01:05:08,82.259
1759385118.829545,01:05:18,82.641
1759385128.896229,01:05:28,82.883
1759385138.962615,01:05:38,82.768
1759385149.036165,01:05:49,81.979
1759385159.102739,01:05:59,81.800
1759385169.201124,01:06:09,81.149
1759385179.283034,01:06:19,80.951
1759385189.349129,01:06:29,81.029
1759385199.415582,01:06:39,81.112
1759385209.489606,01:06:49,80.765
1759385219.556274,01:06:59,80.675
1759385229.622684,01:07:09,80.944
1759385239.692058,01:07:19,80.619
1759385249.91831,01:07:29,80.177
1759385259.984869,01:07:39,79.524
1759385270.055944,01:07:50,79.229
1759385280.122185,01:08:00,79.052
1759385290.218232,01:08:10,78.762
1759385300.299956,01:08:20,77.896
1759385310.366641,01:08:30,76.461
1759385320.433178,01:08:40,74.765
1759385330.503465,01:08:50,73.148
1759385340.569839,01:09:00,71.590
1759385350.636258,01:09:10,71.296
1759385360.707834,01:09:20,71.213
1759385370.77414,01:09:30,70.359
1759385380.840752,01:09:40,70.727
1759385390.910561,01:09:50,69.837
1759385400.976732,01:10:00,69.248
1759385411.043201,01:10:11,69.089
1759385421.114341,01:10:21,68.492
1759385431.192829,01:10:31,67.812
1759385441.292896,01:10:41,67.076
1759385451.363992,01:10:51,66.840
1759385461.430325,01:11:01,66.405
1759385471.496773,01:11:11,66.183
1759385481.570107,01:11:21,66.045
1759385491.636488,01:11:31,66.041
1759385501.702912,01:11:41,66.238
1759385511.776762,01:11:51,65.669
1759385521.842615,01:12:01,65.198
1759385531.909212,01:12:11,64.720
1759385541.981011,01:12:21,64.656
1759385552.047501,01:12:32,64.500
1759385562.114477,01:12:42,64.255
1759385572.184432,01:12:52,64.063
1759385582.279983,01:13:02,63.588
1759385592.346039,01:13:12,78.293
1759385602.417615,01:13:22,80.339
1759385612.48456,01:13:32,81.400
1759385622.551645,01:13:42,82.050
1759385632.624202,01:13:52,82.393
1759385642.690929,01:14:02,82.851
1759385652.757489,01:14:12,82.999
1759385662.831356,01:14:22,82.869
1759385672.897682,01:14:32,81.653
1759385682.963942,01:14:42,81.340
1759385693.038266,01:14:53,81.565
1759385703.104509,01:15:03,81.781
1759385713.170686,01:15:13,81.670
1759385723.285063,01:15:23,81.255
1759385733.351248,01:15:33,81.086
1759385743.417731,01:15:43,80.788
1759385753.490737,01:15:53,80.658
1759385763.556953,01:16:03,80.357
1759385773.623443,01:16:13,80.187
1759385783.693491,01:16:23,80.002
1759385793.760326,01:16:33,79.109
1759385803.826603,01:16:43,79.023
1759385813.899742,01:16:53,78.282
1759385823.969589,01:17:03,77.609
1759385834.036162,01:17:14,76.653
1759385844.111884,01:17:24,75.335
1759385854.178314,01:17:34,73.885
1759385864.268464,01:17:44,72.803
1759385874.3582,01:17:54,71.650
1759385884.424527,01:18:04,71.950
1759385894.490809,01:18:14,71.085
1759385904.565258,01:18:24,71.249
1759385914.631804,01:18:34,70.231
1759385924.698236,01:18:44,69.248
1759385934.772365,01:18:54,69.461
1759385944.838753,01:19:04,68.818
1759385954.905404,01:19:14,68.264
1759385964.977894,01:19:24,67.735
1759385975.044053,01:19:35,67.285
1759385985.110589,01:19:45,66.663
1759385995.179202,01:19:55,66.437
1759386005.245688,01:20:05,66.394
1759386015.332362,01:20:15,66.150
1759386025.402347,01:20:25,65.957
1759386035.469382,01:20:35,65.750
1759386045.535668,01:20:45,65.719
1759386055.606504,01:20:55,65.387
1759386065.672849,01:21:05,64.912
1759386075.739032,01:21:15,64.711
1759386085.811593,01:21:25,64.379
1759386095.877892,01:21:35,64.171
1759386105.945006,01:21:45,63.730
1759386116.015684,01:21:56,65.067
1759386126.081919,01:22:06,78.911
1759386136.148795,01:22:16,80.686
1759386146.219405,01:22:26,81.722
1759386156.311433,01:22:36,81.952
1759386166.377881,01:22:46,82.381
1759386176.448183,01:22:56,83.013
1759386186.514513,01:23:06,83.197
1759386196.581461,01:23:16,83.130
1759386206.652944,01:23:26,83.083
1759386216.719342,01:23:36,82.836
1759386226.786926,01:23:46,82.461
1759386236.859609,01:23:56,82.073
1759386246.925957,01:24:06,81.574
1759386256.993055,01:24:16,81.092
1759386267.064818,01:24:27,80.604
1759386277.131347,01:24:37,79.750
1759386287.199347,01:24:47,79.853
1759386297.283232,01:24:57,79.699
1759386307.366187,01:25:07,79.708
1759386317.432911,01:25:17,79.763
1759386327.501652,01:25:27,79.378
1759386337.567829,01:25:37,79.004
1759386347.63405,01:25:47,78.916
1759386357.707142,01:25:57,78.221
1759386367.77402,01:26:07,76.702
1759386377.840335,01:26:17,75.159
1759386387.911588,01:26:27,74.203
1759386397.978187,01:26:37,73.025
1759386408.044424,01:26:48,72.204
1759386418.118597,01:26:58,72.164
1759386428.185476,01:27:08,71.340
1759386438.251982,01:27:18,70.417
1759386448.333723,01:27:28,70.826
1759386458.412571,01:27:38,69.443
1759386468.478857,01:27:48,69.997
1759386478.5485,01:27:58,69.357
1759386488.615189,01:28:08,68.987
1759386498.681772,01:28:18,68.214
1759386508.750539,01:28:28,67.636
1759386518.81702,01:28:38,66.828
1759386528.883336,01:28:48,66.192
1759386538.953733,01:28:58,65.734
1759386549.02052,01:29:09,65.167
1759386559.086819,01:29:19,64.710
1759386569.156784,01:29:29,64.225
1759386579.223131,01:29:39,64.264
1759386589.293801,01:29:49,64.294
1759386599.391359,01:29:59,64.328
1759386609.458418,01:30:09,64.283
1759386619.524796,01:30:19,63.917
1759386629.59788,01:30:29,63.917
1759386639.664125,01:30:39,63.721
1759386649.730162,01:30:49,66.580
1759386659.798933,01:30:59,79.438
1759386669.865335,01:31:09,80.693
1759386679.931527,01:31:19,81.839
1759386690.001148,01:31:30,82.343
1759386700.067368,01:31:40,82.699
1759386710.133857,01:31:50,82.975
1759386720.207928,01:32:00,82.934
1759386730.286922,01:32:10,82.150
1759386740.363721,01:32:20,81.389
1759386750.44656,01:32:30,81.181
1759386760.512762,01:32:40,81.411
1759386770.578852,01:32:50,81.467
1759386780.648823,01:33:00,81.690
1759386790.71503,01:33:10,81.487
1759386800.781557,01:33:20,81.243
1759386810.856098,01:33:30,81.137
1759386820.922745,01:33:40,81.104
1759386830.989043,01:33:50,80.979
1759386841.060722,01:34:01,80.209
1759386851.127136,01:34:11,79.478
1759386861.193898,01:34:21,79.072
1759386871.267471,01:34:31,78.815
1759386881.334206,01:34:41,78.298
1759386891.429888,01:34:51,77.243
1759386901.498527,01:35:01,76.825
1759386911.56473,01:35:11,75.316
1759386921.631042,01:35:21,73.517
1759386931.69992,01:35:31,72.273
1759386941.766179,01:35:41,71.415
1759386951.832306,01:35:51,71.293
1759386961.902104,01:36:01,71.180
1759386971.968297,01:36:11,71.193
1759386982.045306,01:36:22,70.553
1759386992.117398,01:36:32,70.083
1759387002.183953,01:36:42,69.582
1759387012.250591,01:36:52,69.553
1759387022.322577,01:37:02,69.486
1759387032.408612,01:37:12,68.991
1759387042.478462,01:37:22,68.428
1759387052.55314,01:37:32,67.833
1759387062.619919,01:37:42,67.166
1759387072.686364,01:37:52,66.454
1759387082.75775,01:38:02,66.213
1759387092.824032,01:38:12,65.632
1759387102.88998,01:38:22,65.292
1759387112.961036,01:38:32,64.909
1759387123.032834,01:38:43,64.436
1759387133.100141,01:38:53,64.278
1759387143.171039,01:39:03,64.289
1759387153.237306,01:39:13,64.213
1759387163.304062,01:39:23,64.281
1759387173.379459,01:39:33,64.179
1759387183.461968,01:39:43,64.012
1759387193.528536,01:39:53,64.125
1759387203.606042,01:40:03,64.065
1759387213.672292,01:40:13,63.700
1759387223.738653,01:40:23,66.950
1759387233.813489,01:40:33,79.230
1759387243.879896,01:40:43,80.578
1759387253.946332,01:40:53,81.685
1759387264.018077,01:41:04,82.087
1759387274.084903,01:41:14,82.387
1759387284.151372,01:41:24,82.954
1759387294.225625,01:41:34,82.962
1759387304.304875,01:41:44,82.804
1759387314.371793,01:41:54,82.050
1759387324.473585,01:42:04,81.654
1759387334.539814,01:42:14,82.047
1759387344.605984,01:42:24,82.147
1759387354.676315,01:42:34,82.136
1759387364.742517,01:42:44,82.053
1759387374.809197,01:42:54,81.906
1759387384.878103,01:43:04,81.710
1759387394.944494,01:43:14,81.569
1759387405.011377,01:43:25,81.465
1759387415.081763,01:43:35,81.032
1759387425.148178,01:43:45,80.644
1759387435.215215,01:43:55,80.080
1759387445.296368,01:44:05,79.345
1759387455.363129,01:44:15,78.921
1759387465.436446,01:44:25,78.384
1759387475.527044,01:44:35,76.636
1759387485.593515,01:44:45,75.099
1759387495.660224,01:44:55,74.203
1759387505.729268,01:45:05,73.526
1759387515.795783,01:45:15,72.574
1759387525.862964,01:45:25,71.816
1759387535.932628,01:45:35,71.247
1759387545.999332,01:45:45,70.889
1759387556.066347,01:45:56,70.501
1759387566.137454,01:46:06,69.659
1759387576.203681,01:46:16,69.008
1759387586.269888,01:46:26,68.207
1759387596.343437,01:46:36,67.821
1759387606.409541,01:46:46,67.495
1759387616.499307,01:46:56,66.868
1759387626.570941,01:47:06,66.505
1759387636.637186,01:47:16,65.650
1759387646.703407,01:47:26,65.445
1759387656.77192,01:47:36,65.509
1759387666.838843,01:47:46,65.055
1759387676.905149,01:47:56,64.771
1759387686.974625,01:48:06,64.458
1759387697.041769,01:48:17,64.350
1759387707.108234,01:48:27,64.002
1759387717.180855,01:48:37,63.819
1759387727.247517,01:48:47,63.755
1759387737.314091,01:48:57,75.785
1759387747.387069,01:49:07,80.003
1759387757.453503,01:49:17,81.153
1759387767.539058,01:49:27,82.034
1759387777.611018,01:49:37,82.404
1759387787.67727,01:49:47,82.471
1759387797.743934,01:49:57,83.026
1759387807.819371,01:50:07,83.181
1759387817.886109,01:50:17,82.897
1759387827.952494,01:50:27,82.459
1759387838.021653,01:50:38,81.915
1759387848.088369,01:50:48,81.569
1759387858.154697,01:50:58,81.458
1759387868.225077,01:51:08,81.589
1759387878.305695,01:51:18,81.558
1759387888.371849,01:51:28,81.532
1759387898.442074,01:51:38,81.440
1759387908.534991,01:51:48,81.305
1759387918.601508,01:51:58,81.196
1759387928.672665,01:52:08,80.756
1759387938.739333,01:52:18,80.210
1759387948.805741,01:52:28,79.228
1759387958.875373,01:52:38,78.823
1759387968.941967,01:52:48,78.446
1759387979.008574,01:52:59,76.898
1759387989.08253,01:53:09,75.939
1759387999.148925,01:53:19,75.184
1759388009.215684,01:53:29,74.071
1759388019.28578,01:53:39,72.550
1759388029.352379,01:53:49,71.548
1759388039.418704,01:53:59,71.319
1759388049.493938,01:54:09,71.030
1759388059.577835,01:54:19,70.318
1759388069.644169,01:54:29,69.948
1759388079.722654,01:54:39,69.050
1759388089.788918,01:54:49,69.207
1759388099.85555,01:54:59,68.676
1759388109.926346,01:55:09,68.000
1759388119.992929,01:55:19,68.044
1759388130.060001,01:55:30,67.688
1759388140.131725,01:55:40,67.157
1759388150.198118,01:55:50,67.021
1759388160.26512,01:56:00,66.822
1759388170.337376,01:56:10,66.418
1759388180.403652,01:56:20,66.058
1759388190.470636,01:56:30,65.667
1759388200.562672,01:56:40,65.477
1759388210.629153,01:56:50,64.998
1759388220.6963,01:57:00,64.997
1759388230.76493,01:57:10,64.988
1759388240.831493,01:57:20,64.370
1759388250.89816,01:57:30,64.143
1759388260.970949,01:57:40,64.014
1759388271.037853,01:57:51,72.607
1759388281.104102,01:58:01,79.599
1759388291.175197,01:58:11,81.330
1759388301.242862,01:58:21,81.825
1759388311.318493,01:58:31,82.059
1759388321.390841,01:58:41,82.780
1759388331.457754,01:58:51,83.108
1759388341.52431,01:59:01,83.089
1759388351.620106,01:59:11,82.861
1759388361.686649,01:59:21,82.623
1759388371.752838,01:59:31,81.872
1759388381.830056,01:59:41,81.645
1759388391.896498,01:59:51,81.586
1759388401.963144,02:00:01,81.472
1759388412.032725,02:00:12,81.198
1759388422.099056,02:00:22,80.824
1759388432.165424,02:00:32,80.421
1759388442.238274,02:00:42,80.056
1759388452.320389,02:00:52,79.752
1759388462.386227,02:01:02,79.371
1759388472.459109,02:01:12,78.905
1759388482.525618,02:01:22,78.569
1759388492.612087,02:01:32,78.101
1759388502.687704,02:01:42,76.665
1759388512.754112,02:01:52,75.798
1759388522.82054,02:02:02,74.662
1759388532.891614,02:02:12,73.272
1759388542.957983,02:02:22,72.850
1759388553.024391,02:02:33,72.671
1759388563.093954,02:02:43,71.267
1759388573.160212,02:02:53,71.486
1759388583.227228,02:03:03,70.750
1759388593.301373,02:03:13,69.622
1759388603.368021,02:03:23,69.249
1759388613.43434,02:03:33,68.795
1759388623.504216,02:03:43,68.415
1759388633.585472,02:03:53,67.828
1759388643.667788,02:04:03,67.273
1759388653.737097,02:04:13,67.121
1759388663.803813,02:04:23,66.675
1759388673.870164,02:04:33,66.502
1759388683.946269,02:04:43,66.324
1759388694.012672,02:04:54,65.918
1759388704.079108,02:05:04,65.502
1759388714.148992,02:05:14,65.317
1759388724.215521,02:05:24,65.059
1759388734.281695,02:05:34,64.969
1759388744.351321,02:05:44,64.761
1759388754.417811,02:05:54,64.708
1759388764.484248,02:06:04,64.654
1759388774.558435,02:06:14,64.427
1759388784.646123,02:06:24,64.117
1759388794.712814,02:06:34,64.028
1759388804.785039,02:06:44,63.912
1759388814.851235,02:06:54,63.909
1759388824.918272,02:07:04,63.779
1759388834.991437,02:07:14,63.977
1759388845.058464,02:07:25,77.892
1759388855.12494,02:07:35,80.611
1759388865.198734,02:07:45,81.257
1759388875.265015,02:07:55,81.841
1759388885.331389,02:08:05,82.203
1759388895.401474,02:08:15,82.759
1759388905.46787,02:08:25,83.082
1759388915.534709,02:08:35,83.100
1759388925.606056,02:08:45,82.979
1759388935.690831,02:08:55,82.809
1759388945.757084,02:09:05,82.170
1759388955.826791,02:09:15,81.811
1759388965.893409,02:09:25,81.136
1759388975.959908,02:09:35,80.794
1759388986.035603,02:09:46,80.708
1759388996.102177,02:09:56,80.484
1759389006.168301,02:10:06,80.073
1759389016.242543,02:10:16,79.771
1759389026.322549,02:10:26,79.750
1759389036.388606,02:10:36,79.379
1759389046.458904,02:10:46,79.001
1759389056.52515,02:10:56,78.512
1759389066.592107,02:11:06,77.626
1759389076.69537,02:11:16,76.216
1759389086.761444,02:11:26,74.812
1759389096.828262,02:11:36,73.667
1759389106.900722,02:11:46,72.289
1759389116.96699,02:11:56,71.961
1759389127.033891,02:12:07,70.658
1759389137.108538,02:12:17,70.276
1759389147.175231,02:12:27,70.405
1759389157.2419,02:12:37,70.016
1759389167.328176,02:12:47,69.259
1759389177.394948,02:12:57,69.333
1759389187.461591,02:13:07,68.922
1759389197.532767,02:13:17,68.400
1759389207.599379,02:13:27,67.967
1759389217.685628,02:13:37,67.303
1759389227.762649,02:13:47,66.805
1759389237.829077,02:13:57,66.323
1759389247.895475,02:14:07,66.100
1759389257.966356,02:14:17,65.874
1759389268.033251,02:14:28,66.010
1759389278.099768,02:14:38,65.844
1759389288.170687,02:14:48,65.737
1759389298.236979,02:14:58,65.447
1759389308.310915,02:15:08,64.932
1759389318.379986,02:15:18,64.618
1759389328.446552,02:15:28,64.065
1759389338.512882,02:15:38,63.707
1759389348.586004,02:15:48,72.965
1759389358.65265,02:15:58,79.749
1759389368.738101,02:16:08,80.980
1759389378.807305,02:16:18,81.846
1759389388.873553,02:16:28,82.242
1759389398.940531,02:16:38,82.825
1759389409.010759,02:16:49,82.984
1759389419.076947,02:16:59,83.055
1759389429.143091,02:17:09,82.945
1759389439.215237,02:17:19,82.607
1759389449.28149,02:17:29,82.182
1759389459.348063,02:17:39,81.744
1759389469.419906,02:17:49,81.401
1759389479.486484,02:17:59,81.308
1759389489.553513,02:18:09,81.066
1759389499.626039,02:18:19,81.016
1759389509.692296,02:18:29,80.410
1759389519.774976,02:18:39,79.861
1759389529.847241,02:18:49,80.026
1759389539.913467,02:18:59,79.577
1759389549.979621,02:19:09,79.095
1759389560.049983,02:19:20,78.777
1759389570.116238,02:19:30,78.384
1759389580.183187,02:19:40,77.758
1759389590.252758,02:19:50,76.126
1759389600.335604,02:20:00,74.302
1759389610.402353,02:20:10,73.561
1759389620.471351,02:20:20,72.694
1759389630.538163,02:20:30,72.233
1759389640.605232,02:20:40,71.954
1759389650.674314,02:20:50,71.204
1759389660.764669,02:21:00,71.373
1759389670.831387,02:21:10,69.733
1759389680.910352,02:21:20,69.684
1759389690.977572,02:21:30,69.445
1759389701.044094,02:21:41,68.862
1759389711.113746,02:21:51,68.210
1759389721.180138,02:22:01,67.904
1759389731.246813,02:22:11,67.060
1759389741.332307,02:22:21,66.576
1759389751.398667,02:22:31,66.180
1759389761.465101,02:22:41,66.055
1759389771.538516,02:22:51,65.653
1759389781.604656,02:23:01,65.167
1759389791.671029,02:23:11,64.980
1759389801.747564,02:23:21,64.802
1759389811.832364,02:23:31,63.959
1759389821.898694,02:23:41,64.193
1759389831.975149,02:23:51,64.135
1759389842.041844,02:24:02,63.677
1759389852.10919,02:24:12,64.686
1759389862.18065,02:24:22,78.725
1759389872.247003,02:24:32,80.739
1759389882.317008,02:24:42,81.441
1759389892.388643,02:24:52,82.031
1759389902.454759,02:25:02,82.528
1759389912.521717,02:25:12,82.997
1759389922.5938,02:25:22,83.077
1759389932.659991,02:25:32,82.683
1759389942.72691,02:25:42,81.825
1759389952.830322,02:25:52,81.414
1759389962.896537,02:26:02,81.540
1759389972.963042,02:26:12,81.500
1759389983.033624,02:26:23,81.392
1759389993.100139,02:26:33,81.411
1759390003.167117,02:26:43,81.516
1759390013.239808,02:26:53,81.431
1759390023.306259,02:27:03,81.041
1759390033.373463,02:27:13,80.658
1759390043.442187,02:27:23,79.866
1759390053.508521,02:27:33,79.284
1759390063.575083,02:27:43,78.750
1759390073.643921,02:27:53,78.350
1759390083.710459,02:28:03,78.189
1759390093.777051,02:28:13,76.215
1759390103.865828,02:28:23,75.075
1759390113.932023,02:28:33,73.317
1759390123.998156,02:28:43,72.323
1759390134.073321,02:28:54,71.520
1759390144.139529,02:29:04,71.163
1759390154.205765,02:29:14,70.005
1759390164.279465,02:29:24,69.426
1759390174.345855,02:29:34,69.289
1759390184.412367,02:29:44,69.191
1759390194.48294,02:29:54,68.586
1759390204.549496,02:30:04,68.062
1759390214.615393,02:30:14,66.978
1759390224.688091,02:30:24,66.720
1759390234.754634,02:30:34,66.647
1759390244.841406,02:30:44,66.436
1759390254.914258,02:30:54,65.880
1759390264.98104,02:31:04,65.570
1759390275.047298,02:31:15,64.913
1759390285.116417,02:31:25,64.803
1759390295.183417,02:31:35,64.623
1759390305.249791,02:31:45,64.690
1759390315.321092,02:31:55,64.601
1759390325.38786,02:32:05,64.163
1759390335.454339,02:32:15,64.234
1759390345.527826,02:32:25,63.747
1759390355.594512,02:32:35,78.465
1759390365.66077,02:32:45,80.255
1759390375.737268,02:32:55,81.502
1759390385.803742,02:33:05,81.956
1759390395.884544,02:33:15,82.565
1759390405.953869,02:33:25,83.054
1759390416.020015,02:33:36,83.160
1759390426.08626,02:33:46,82.992
1759390436.155267,02:33:56,82.737
1759390446.221748,02:34:06,82.378
1759390456.288174,02:34:16,82.188
1759390466.356971,02:34:26,81.403
1759390476.423575,02:34:36,80.822
1759390486.489938,02:34:46,80.512
1759390496.563623,02:34:56,80.283
1759390506.630037,02:35:06,79.803
1759390516.696622,02:35:16,79.672
1759390526.767376,02:35:26,79.884
1759390536.833646,02:35:36,79.580
1759390546.916619,02:35:46,78.727
1759390556.987274,02:35:56,78.375
1759390567.053615,02:36:07,78.052
1759390577.119954,02:36:17,76.796
1759390587.190186,02:36:27,75.437
1759390597.256562,02:36:37,74.443
1759390607.325095,02:36:47,73.271
1759390617.394356,02:36:57,71.837
1759390627.460962,02:37:07,71.196
1759390637.527608,02:37:17,70.345
1759390647.597329,02:37:27,69.899
1759390657.663943,02:37:37,70.283
1759390667.730664,02:37:47,70.235
1759390677.804638,02:37:57,69.583
1759390687.890896,02:38:07,69.009
1759390697.963806,02:38:17,68.274
1759390708.041076,02:38:28,67.823
1759390718.10785,02:38:38,67.154
1759390728.174122,02:38:48,66.845
1759390738.244136,02:38:58,66.363
1759390748.310696,02:39:08,66.018
1759390758.376924,02:39:18,65.358
1759390768.454699,02:39:28,64.618
1759390778.521113,02:39:38,64.360
1759390788.587576,02:39:48,64.377
1759390798.661515,02:39:58,64.424
1759390808.728249,02:40:08,64.296
1759390818.795232,02:40:18,63.960
1759390828.868343,02:40:28,63.781
1759390838.951792,02:40:38,63.627
1759390849.018476,02:40:49,72.255
1759390859.089901,02:40:59,79.767
1759390869.156509,02:41:09,80.847
1759390879.223709,02:41:19,81.738
1759390889.298484,02:41:29,82.060
1759390899.364864,02:41:39,82.779
1759390909.431786,02:41:49,83.139
1759390919.504706,02:41:59,83.093
1759390929.571071,02:42:09,82.523
1759390939.637933,02:42:19,81.726
1759390949.710652,02:42:29,81.542
1759390959.777164,02:42:39,81.835
1759390969.843956,02:42:49,81.836
1759390979.950323,02:42:59,81.865
1759390990.016518,02:43:10,81.791
1759391000.08338,02:43:20,81.693
1759391010.159115,02:43:30,81.527
1759391020.225338,02:43:40,81.205
1759391030.291816,02:43:50,80.648
1759391040.365834,02:44:00,80.054
1759391050.43183,02:44:10,79.147
1759391060.498266,02:44:20,78.817
1759391070.569768,02:44:30,78.296
1759391080.635999,02:44:40,78.092
1759391090.702377,02:44:50,76.387
1759391100.773909,02:45:00,75.006
1759391110.841046,02:45:10,73.704
1759391120.907466,02:45:20,73.600
1759391131.00405,02:45:31,72.858
1759391141.070995,02:45:41,71.747
1759391151.137617,02:45:51,71.176
1759391161.20974,02:46:01,70.834
1759391171.277122,02:46:11,69.900
1759391181.359139,02:46:21,69.458
1759391191.429375,02:46:31,68.794
1759391201.495969,02:46:41,68.352
1759391211.562197,02:46:51,67.516
1759391221.635948,02:47:01,67.013
1759391231.702691,02:47:11,66.497
1759391241.769014,02:47:21,66.019
1759391251.841224,02:47:31,65.818
1759391261.908246,02:47:41,65.270
1759391271.992211,02:47:51,64.737
1759391282.064625,02:48:02,64.748
1759391292.131552,02:48:12,64.749
1759391302.198054,02:48:22,64.646
1759391312.328519,02:48:32,64.201
1759391322.39527,02:48:42,64.078
1759391332.461714,02:48:52,73.377
1759391342.531034,02:49:02,79.495
1759391352.597642,02:49:12,81.228
1759391362.66392,02:49:22,81.746
1759391372.73717,02:49:32,82.373
1759391382.803849,02:49:42,82.866
1759391392.870522,02:49:52,83.156
1759391402.948061,02:50:02,82.969
1759391413.042421,02:50:13,82.119
1759391423.108299,02:50:23,81.449
1759391433.181599,02:50:33,81.996
1759391443.248248,02:50:43,81.864
1759391453.314338,02:50:53,81.808
1759391463.386297,02:51:03,81.850
1759391473.45296,02:51:13,81.714
1759391483.51926,02:51:23,81.341
1759391493.589572,02:51:33,81.142
1759391503.65691,02:51:43,80.673
1759391513.723354,02:51:53,80.465
1759391523.793718,02:52:03,80.226
1759391533.860312,02:52:13,79.604
1759391543.927072,02:52:23,78.417
1759391554.026504,02:52:34,77.340
1759391564.092884,02:52:44,75.755
1759391574.159758,02:52:54,75.056
1759391584.229774,02:53:04,73.931
1759391594.296641,02:53:14,72.725
1759391604.365593,02:53:24,71.831
1759391614.443686,02:53:34,71.931
1759391624.510163,02:53:44,70.845
1759391634.576898,02:53:54,70.658
1759391644.64689,02:54:04,69.572
1759391654.713148,02:54:14,70.039
1759391664.779519,02:54:24,69.600
1759391674.853634,02:54:34,68.789
1759391684.920507,02:54:44,68.812
1759391694.987134,02:54:54,67.984
1759391705.084447,02:55:05,67.076
1759391715.151335,02:55:15,66.359
1759391725.218018,02:55:25,65.798
1759391735.287411,02:55:35,65.474
1759391745.367812,02:55:45,65.325
1759391755.434069,02:55:55,64.759
1759391765.50333,02:56:05,64.509
1759391775.569931,02:56:15,64.277
1759391785.636559,02:56:25,64.126
1759391795.713004,02:56:35,63.871
1759391805.780199,02:56:45,63.706
1759391815.846727,02:56:55,73.857
1759391825.919597,02:57:05,79.762
1759391835.98583,02:57:15,81.076
1759391846.070876,02:57:26,81.975
1759391856.144371,02:57:36,82.405
1759391866.210993,02:57:46,82.921
1759391876.277494,02:57:56,83.078
1759391886.35838,02:58:06,82.919
1759391896.424886,02:58:16,81.951
1759391906.4912,02:58:26,81.473
1759391916.561756,02:58:36,81.904
1759391926.628089,02:58:46,82.066
1759391936.694309,02:58:56,82.061
1759391946.768193,02:59:06,81.918
1759391956.835,02:59:16,81.853
1759391966.901261,02:59:26,81.649
1759391976.97526,02:59:36,81.340
1759391987.066559,02:59:47,81.318
1759391997.13304,02:59:57,80.842
1759392007.202217,03:00:07,80.099
1759392017.269119,03:00:17,79.203
1759392027.335701,03:00:27,78.428
1759392037.408817,03:00:37,78.208
1759392047.475317,03:00:47,78.060
1759392057.541306,03:00:57,75.856
1759392067.615532,03:01:07,74.172
1759392077.682535,03:01:17,73.373
1759392087.748716,03:01:27,72.824
1759392097.817955,03:01:37,72.555
1759392107.884867,03:01:47,72.004
1759392117.951145,03:01:57,71.537
1759392128.020236,03:02:08,71.054
1759392138.103695,03:02:18,70.058
1759392148.170243,03:02:28,69.548
1759392158.239723,03:02:38,69.686
1759392168.306213,03:02:48,69.010
1759392178.374549,03:02:58,68.390
1759392188.444126,03:03:08,67.907
1759392198.510253,03:03:18,67.329
1759392208.577,03:03:28,66.835
1759392218.649469,03:03:38,66.240
1759392228.716567,03:03:48,65.878
1759392238.782979,03:03:58,65.740
1759392248.85475,03:04:08,65.409
1759392258.921486,03:04:18,65.024
1759392268.987769,03:04:28,64.531
1759392279.059529,03:04:39,63.970
1759392289.148091,03:04:49,63.943
1759392299.214578,03:04:59,63.915
1759392309.288738,03:05:09,64.071
1759392319.370044,03:05:19,64.035
1759392329.436253,03:05:29,64.001
1759392339.506489,03:05:39,63.770
1759392349.57322,03:05:49,72.388
1759392359.639529,03:05:59,79.438
1759392369.713385,03:06:09,80.839
1759392379.780229,03:06:19,82.051
1759392389.847275,03:06:29,82.449
1759392399.917939,03:06:39,83.124
1759392409.98441,03:06:49,83.240
1759392420.053883,03:07:00,83.255
1759392430.156787,03:07:10,82.980
1759392440.223258,03:07:20,81.877
1759392450.289728,03:07:30,81.767
1759392460.371614,03:07:40,81.775
1759392470.438251,03:07:50,81.569
1759392480.504543,03:08:00,81.495
1759392490.58042,03:08:10,81.282
1759392500.646659,03:08:20,80.826
1759392510.713167,03:08:30,80.527
1759392520.787259,03:08:40,80.331
1759392530.853518,03:08:50,79.503
1759392540.919963,03:09:00,79.008
1759392550.989727,03:09:10,78.481
1759392561.056156,03:09:21,78.189
1759392571.151828,03:09:31,77.054
1759392581.220619,03:09:41,75.531
1759392591.286849,03:09:51,74.846
1759392601.361019,03:10:01,73.574
1759392611.432347,03:10:11,72.873
1759392621.498455,03:10:21,71.506
1759392631.564602,03:10:31,71.884
1759392641.634524,03:10:41,71.493
1759392651.700839,03:10:51,70.263
1759392661.767154,03:11:01,70.361
1759392671.840115,03:11:11,69.613
1759392681.906651,03:11:21,69.196
1759392691.973189,03:11:31,68.618
1759392702.0456,03:11:42,67.741
1759392712.112005,03:11:52,67.312
1759392722.201497,03:12:02,66.952
1759392732.2705,03:12:12,66.251
1759392742.337335,03:12:22,65.648
1759392752.40391,03:12:32,65.567
1759392762.480024,03:12:42,65.593
1759392772.546893,03:12:52,65.453
1759392782.613195,03:13:02,65.170
1759392792.686342,03:13:12,65.042
1759392802.752653,03:13:22,64.488
1759392812.819474,03:13:32,64.012
1759392822.890141,03:13:42,63.656
1759392832.95733,03:13:52,70.549
1759392843.023774,03:14:03,79.631
1759392853.100777,03:14:13,80.950
1759392863.195903,03:14:23,81.868
1759392873.262139,03:14:33,82.486
1759392883.334666,03:14:43,82.927
1759392893.401905,03:14:53,83.107
1759392903.468097,03:15:03,82.587
1759392913.542089,03:15:13,81.849
1759392923.608324,03:15:23,81.841
1759392933.674604,03:15:33,82.144
1759392943.744449,03:15:43,82.154
1759392953.810839,03:15:53,81.890
1759392963.877453,03:16:03,81.740
1759392973.94922,03:16:13,81.744
1759392984.01552,03:16:24,81.599
1759392994.082539,03:16:34,81.361
1759393004.153423,03:16:44,80.980
1759393014.24052,03:16:54,80.484
1759393024.307547,03:17:04,79.977
1759393034.392336,03:17:14,79.199
1759393044.458742,03:17:24,78.690
1759393054.525572,03:17:34,78.177
1759393064.595189,03:17:44,76.736
1759393074.661533,03:17:54,75.068
1759393084.728193,03:18:04,73.895
1759393094.804637,03:18:14,72.752
1759393104.870967,03:18:24,71.716
1759393114.937415,03:18:34,70.790
1759393125.00658,03:18:45,70.863
1759393135.07292,03:18:55,70.333
1759393145.139939,03:19:05,69.677
1759393155.243456,03:19:15,69.211
1759393165.309905,03:19:25,68.831
1759393175.388741,03:19:35,68.267
1759393185.463185,03:19:45,67.730
1759393195.529586,03:19:55,67.256
1759393205.596182,03:20:05,66.599
1759393215.665339,03:20:15,66.111
1759393225.731928,03:20:25,65.476
1759393235.798544,03:20:35,64.845
1759393245.869363,03:20:45,64.929
1759393255.935501,03:20:55,64.994
1759393266.001855,03:21:06,64.987
1759393276.071587,03:21:16,64.989
1759393286.138324,03:21:26,64.909
1759393296.228113,03:21:36,64.644
1759393306.298333,03:21:46,64.158
1759393316.372072,03:21:56,64.003
1759393326.438871,03:22:06,63.903
1759393336.507769,03:22:16,63.663
1759393346.573866,03:22:26,78.469
1759393356.640647,03:22:36,80.689
1759393366.716727,03:22:46,81.648
1759393376.783345,03:22:56,82.095
1759393386.849923,03:23:06,82.471
1759393396.921208,03:23:16,83.089
1759393406.987656,03:23:26,83.204
1759393417.053956,03:23:37,83.072
1759393427.127792,03:23:47,82.446
1759393437.194393,03:23:57,82.049
1759393447.277473,03:24:07,81.829
1759393457.346802,03:24:17,81.803
1759393467.413087,03:24:27,81.713
1759393477.47951,03:24:37,81.900
1759393487.549297,03:24:47,82.007
1759393497.615496,03:24:57,81.674
1759393507.681969,03:25:07,81.512
1759393517.751851,03:25:17,81.326
1759393527.818609,03:25:27,81.069
1759393537.885382,03:25:37,80.712
1759393547.957009,03:25:47,79.502
1759393558.023444,03:25:58,79.353
1759393568.089872,03:26:08,79.065
1759393578.160671,03:26:18,78.164
1759393588.226979,03:26:28,77.586
1759393598.314826,03:26:38,75.457
1759393608.396445,03:26:48,73.936
1759393618.462642,03:26:58,72.919
1759393628.529309,03:27:08,72.364
1759393638.601317,03:27:18,73.008
1759393648.667638,03:27:28,72.269
1759393658.734054,03:27:38,71.007
1759393668.804268,03:27:48,70.995
1759393678.870609,03:27:58,69.772
1759393688.937011,03:28:08,69.435
1759393699.011119,03:28:19,69.155
1759393709.077485,03:28:29,68.500
1759393719.143632,03:28:39,67.664
1759393729.217771,03:28:49,67.043
1759393739.31846,03:28:59,66.556
1759393749.397085,03:29:09,66.168
1759393759.474823,03:29:19,65.786
1759393769.541697,03:29:29,65.670
1759393779.607746,03:29:39,65.144
1759393789.678263,03:29:49,64.828
1759393799.744588,03:29:59,64.630
1759393809.811344,03:30:09,64.421
1759393819.880074,03:30:19,64.421
1759393829.946533,03:30:29,64.167
1759393840.01333,03:30:40,64.133
1759393850.085199,03:30:50,63.821
1759393860.151852,03:31:00,76.164
1759393870.218322,03:31:10,79.792
1759393880.315433,03:31:20,81.204
1759393890.399908,03:31:30,81.884
1759393900.465955,03:31:40,82.439
1759393910.538706,03:31:50,83.019
1759393920.605166,03:32:00,83.221
1759393930.67227,03:32:10,83.203
1759393940.745396,03:32:20,83.173
1759393950.811659,03:32:30,83.031
1759393960.87809,03:32:40,82.485
1759393970.9479,03:32:50,81.793
1759393981.014513,03:33:01,80.975
1759393991.081238,03:33:11,80.795
1759394001.153066,03:33:21,80.230
1759394011.219666,03:33:31,80.212
1759394021.28587,03:33:41,80.111
1759394031.375728,03:33:51,79.909
1759394041.442301,03:34:01,79.583
1759394051.508874,03:34:11,79.249
1759394061.580588,03:34:21,78.290
1759394071.64686,03:34:31,77.530
1759394081.71347,03:34:41,75.976
1759394091.786584,03:34:51,75.200
1759394101.852932,03:35:01,73.532
1759394111.920011,03:35:11,72.623
1759394121.994907,03:35:21,71.771
1759394132.061621,03:35:32,70.903
1759394142.128406,03:35:42,70.905
1759394152.200733,03:35:52,70.777
1759394162.267208,03:36:02,69.648
1759394172.36117,03:36:12,69.318
1759394182.434269,03:36:22,69.155
1759394192.500767,03:36:32,68.595
1759394202.567146,03:36:42,68.216
1759394212.64232,03:36:52,67.861
1759394222.709156,03:37:02,67.876
1759394232.775458,03:37:12,67.033
1759394242.850534,03:37:22,66.772
1759394252.916801,03:37:32,66.306
1759394262.9834,03:37:42,65.659
1759394273.059835,03:37:53,65.348
1759394283.126339,03:38:03,64.955
1759394293.193073,03:38:13,64.568
1759394303.266615,03:38:23,64.453
1759394313.358691,03:38:33,64.076
1759394323.430229,03:38:43,64.301
1759394333.50158,03:38:53,63.960
1759394343.568131,03:39:03,63.655
1759394353.634528,03:39:13,78.491
1759394363.709728,03:39:23,80.555
1759394373.776747,03:39:33,81.461
1759394383.843631,03:39:43,82.357
1759394393.916545,03:39:53,82.807
1759394403.9839,03:40:03,83.083
1759394414.050175,03:40:14,83.001
1759394424.119314,03:40:24,82.536
1759394434.186056,03:40:34,81.783
1759394444.252563,03:40:44,81.929
1759394454.322993,03:40:54,82.088
1759394464.426271,03:41:04,81.996
1759394474.492621,03:41:14,82.047
1759394484.567192,03:41:24,81.634
1759394494.633695,03:41:34,81.635
1759394504.699677,03:41:44,81.236
1759394514.770489,03:41:54,81.068
1759394524.837373,03:42:04,80.928
1759394534.903913,03:42:14,80.372
1759394544.972914,03:42:24,79.648
1759394555.039387,03:42:35,78.577
1759394565.106326,03:42:45,78.020
1759394575.175513,03:42:55,77.342
1759394585.241909,03:43:05,75.552
1759394595.30874,03:43:15,74.452
1759394605.437066,03:43:25,73.145
1759394615.503538,03:43:35,71.851
1759394625.569707,03:43:45,71.346
1759394635.641052,03:43:55,70.659
1759394645.707591,03:44:05,70.231
1759394655.773918,03:44:15,70.278
1759394665.842614,03:44:25,69.502
1759394675.909317,03:44:35,69.009
1759394685.975917,03:44:45,68.617
1759394696.044283,03:44:56,68.070
1759394706.110709,03:45:06,68.007
1759394716.177041,03:45:16,67.473
1759394726.250988,03:45:26,66.847
1759394736.317189,03:45:36,66.471
1759394746.420656,03:45:46,65.913
1759394756.498381,03:45:56,65.549
1759394766.564698,03:46:06,65.465
1759394776.631337,03:46:16,64.949
1759394786.703106,03:46:26,64.487
1759394796.769382,03:46:36,63.958
1759394806.835785,03:46:46,63.719
1759394816.905231,03:46:56,63.717
1759394826.97198,03:47:06,74.961
1759394837.038131,03:47:17,79.524
1759394847.108027,03:47:27,81.163
1759394857.174524,03:47:37,82.010
1759394867.240769,03:47:47,82.355
1759394877.311655,03:47:57,82.857
1759394887.378074,03:48:07,83.193
1759394897.46306,03:48:17,83.084
1759394907.538122,03:48:27,82.054
1759394917.604585,03:48:37,82.137
1759394927.67148,03:48:47,82.415
1759394937.748393,03:48:57,81.993
1759394947.814832,03:49:07,81.815
1759394957.88109,03:49:17,81.556
1759394967.955831,03:49:27,81.220
1759394978.022051,03:49:38,81.139
1759394988.088234,03:49:48,81.014
1759394998.159353,03:49:58,80.734
1759395008.226366,03:50:08,80.421
1759395018.29268,03:50:18,79.722
1759395028.363683,03:50:28,78.810
1759395038.449297,03:50:38,77.887
1759395048.518624,03:50:48,77.198
1759395058.591804,03:50:58,75.493
1759395068.659064,03:51:08,74.744
1759395078.725473,03:51:18,73.432
1759395088.796242,03:51:28,72.953
1759395098.862729,03:51:38,72.744
1759395108.928869,03:51:48,72.137
1759395118.99894,03:51:58,70.694
1759395129.065028,03:52:09,70.387
1759395139.131495,03:52:19,69.768
1759395149.203988,03:52:29,69.752
1759395159.270158,03:52:39,69.083
1759395169.336471,03:52:49,68.728
1759395179.422987,03:52:59,68.151
1759395189.510553,03:53:09,67.585
1759395199.577195,03:53:19,67.001
1759395209.649303,03:53:29,65.984
1759395219.715438,03:53:39,65.449
1759395229.781632,03:53:49,65.071
1759395239.851085,03:53:59,64.630
1759395249.917858,03:54:09,64.543
1759395259.98445,03:54:19,64.421
1759395270.05349,03:54:30,64.291
1759395280.119715,03:54:40,63.780
1759395290.186411,03:54:50,63.711
1759395300.257518,03:55:00,63.824
1759395310.323595,03:55:10,63.812
1759395320.394829,03:55:20,63.686
1759395330.483867,03:55:30,69.560
1759395340.55086,03:55:40,79.014
1759395350.617599,03:55:50,80.786
1759395360.689782,03:56:00,81.652
1759395370.756365,03:56:10,82.236
1759395380.822934,03:56:20,82.744
1759395390.896234,03:56:30,83.155
1759395400.962627,03:56:40,83.259
1759395411.028871,03:56:51,83.267
1759395421.100373,03:57:01,83.027
1759395431.16718,03:57:11,82.530
1759395441.2335,03:57:21,82.011
1759395451.303412,03:57:31,81.607
1759395461.369863,03:57:41,80.933
1759395471.436127,03:57:51,80.744
1759395481.536508,03:58:01,80.399
1759395491.602868,03:58:11,80.436
1759395501.669547,03:58:21,79.717
1759395511.740455,03:58:31,79.459
1759395521.806682,03:58:41,78.992
1759395531.873465,03:58:51,78.376
1759395541.943489,03:59:01,77.893
1759395552.01088,03:59:12,77.140
1759395562.077019,03:59:22,75.503
1759395572.149439,03:59:32,74.491
1759395582.215744,03:59:42,73.787
1759395592.282129,03:59:52,72.963
1759395602.357203,04:00:02,72.188
1759395612.423942,04:00:12,70.879
1759395622.509978,04:00:22,69.603
1759395632.589622,04:00:32,69.272
1759395642.713567,04:00:42,69.490
1759395652.779715,04:00:52,69.428
1759395662.850969,04:01:02,68.820
1759395672.91708,04:01:12,68.475
1759395682.983341,04:01:22,67.909
1759395693.055262,04:01:33,67.447
1759395703.121942,04:01:43,67.104
1759395713.1886,04:01:53,66.881
1759395723.259871,04:02:03,66.480
1759395733.325951,04:02:13,66.367
1759395743.394563,04:02:23,66.120
1759395753.471026,04:02:33,65.711
1759395763.563107,04:02:43,64.997
1759395773.629551,04:02:53,64.485
1759395783.702008,04:03:03,64.300
1759395793.768148,04:03:13,64.187
1759395803.83499,04:03:23,64.178
1759395813.904593,04:03:33,78.842
1759395823.971304,04:03:43,80.532
1759395834.037833,04:03:54,81.612
1759395844.108586,04:04:04,82.225
1759395854.175142,04:04:14,82.910
1759395864.242212,04:04:24,83.100
1759395874.311416,04:04:34,82.965
1759395884.378411,04:04:44,82.161
1759395894.444653,04:04:54,81.855
1759395904.514901,04:05:04,81.890
1759395914.604363,04:05:14,81.824
1759395924.67061,04:05:24,81.955
1759395934.741794,04:05:34,81.967
1759395944.80856,04:05:44,82.000
1759395954.874757,04:05:54,81.696
1759395964.944514,04:06:04,81.530
1759395975.011149,04:06:15,81.422
1759395985.077595,04:06:25,81.057
1759395995.148411,04:06:35,80.448
1759396005.215484,04:06:45,79.455
1759396015.281769,04:06:55,78.949
1759396025.358619,04:07:05,78.012
1759396035.42922,04:07:15,77.476
1759396045.495348,04:07:25,75.235
1759396055.596229,04:07:35,73.542
1759396065.663156,04:07:45,73.077
1759396075.729532,04:07:55,72.615
1759396085.799164,04:08:05,72.353
1759396095.866157,04:08:15,72.297
1759396105.932474,04:08:25,72.210
1759396116.002637,04:08:36,71.560
1759396126.069224,04:08:46,71.066
1759396136.136091,04:08:56,69.987
1759396146.205482,04:09:06,69.556
1759396156.2719,04:09:16,68.950
1759396166.338407,04:09:26,68.889
1759396176.416211,04:09:36,68.084
1759396186.482622,04:09:46,67.432
1759396196.548833,04:09:56,66.939
1759396206.642886,04:10:06,66.657
1759396216.709371,04:10:16,66.493
1759396226.775991,04:10:26,66.032
1759396236.845928,04:10:36,65.752
1759396246.9122,04:10:46,65.142
1759396256.979067,04:10:56,64.793
1759396267.051021,04:11:07,64.536
1759396277.117516,04:11:17,64.186
1759396287.184145,04:11:27,63.703
1759396297.253048,04:11:37,63.568
1759396307.319563,04:11:47,78.277
1759396317.386449,04:11:57,80.285
1759396327.459874,04:12:07,81.292
1759396337.526067,04:12:17,82.380
1759396347.628245,04:12:27,82.840
1759396357.702875,04:12:37,83.023
1759396367.769389,04:12:47,83.081
1759396377.837939,04:12:57,82.857
1759396387.909218,04:13:07,82.156
1759396397.976089,04:13:17,81.568
1759396408.042863,04:13:28,81.514
1759396418.114026,04:13:38,81.817
1759396428.180769,04:13:48,81.625
1759396438.247109,04:13:58,81.388
1759396448.316684,04:14:08,81.113
1759396458.383633,04:14:18,80.881
1759396468.449621,04:14:28,80.442
1759396478.523888,04:14:38,80.181
1759396488.590556,04:14:48,79.385
1759396498.674844,04:14:58,78.376
1759396508.747486,04:15:08,77.772
1759396518.81418,04:15:18,76.946
1759396528.881024,04:15:28,75.127
1759396538.95634,04:15:38,73.843
1759396549.022521,04:15:49,72.495
1759396559.089075,04:15:59,72.064
1759396569.161952,04:16:09,72.035
1759396579.228302,04:16:19,71.145
1759396589.294704,04:16:29,70.529
1759396599.366823,04:16:39,70.422
1759396609.436858,04:16:49,69.768
1759396619.503105,04:16:59,69.432
1759396629.573306,04:17:09,68.909
1759396639.676209,04:17:19,68.403
1759396649.742976,04:17:29,67.769
1759396659.812514,04:17:39,67.250
1759396669.879103,04:17:49,66.791
1759396679.945969,04:17:59,66.626
1759396690.020813,04:18:10,65.723
1759396700.087388,04:18:20,65.495
1759396710.154303,04:18:30,65.018
1759396720.227393,04:18:40,64.584
1759396730.29364,04:18:50,64.538
1759396740.360254,04:19:00,64.482
1759396750.444471,04:19:10,64.266
1759396760.510712,04:19:20,64.258
1759396770.577525,04:19:30,64.249
1759396780.666788,04:19:40,63.921
1759396790.734566,04:19:50,63.837
1759396800.801137,04:20:00,79.039
1759396810.872299,04:20:10,80.473
1759396820.938624,04:20:20,81.703
1759396831.004997,04:20:31,82.099
1759396841.083792,04:20:41,82.663
1759396851.150172,04:20:51,83.003
1759396861.216568,04:21:01,83.166
1759396871.286103,04:21:11,83.213
1759396881.353316,04:21:21,83.094
1759396891.430524,04:21:31,82.804
1759396901.50049,04:21:41,82.368
1759396911.566843,04:21:51,81.470
1759396921.633088,04:22:01,81.324
1759396931.73521,04:22:11,80.910
1759396941.801383,04:22:21,80.572
1759396951.868118,04:22:31,80.630
1759396961.942377,04:22:41,80.426
1759396972.008651,04:22:52,80.162
1759396982.075412,04:23:02,79.955
1759396992.148489,04:23:12,79.659
1759397002.214683,04:23:22,78.714
1759397012.28122,04:23:32,77.788
1759397022.351905,04:23:42,77.324
1759397032.427392,04:23:52,75.862
1759397042.493378,04:24:02,74.286
1759397052.561999,04:24:12,73.407
1759397062.629297,04:24:22,72.347
1759397072.718349,04:24:32,70.580
1759397082.788834,04:24:42,69.988
1759397092.855644,04:24:52,69.831
1759397102.922058,04:25:02,70.153
1759397112.995946,04:25:12,69.361
1759397123.062451,04:25:23,68.462
1759397133.129066,04:25:33,68.114
1759397143.201772,04:25:43,67.785
1759397153.268346,04:25:53,67.340
1759397163.334842,04:26:03,66.891
1759397173.405402,04:26:13,66.277
1759397183.472006,04:26:23,66.011
1759397193.538598,04:26:33,65.908
1759397203.614378,04:26:43,65.648
1759397213.680568,04:26:53,65.123
1759397223.762553,04:27:03,64.595
1759397233.832589,04:27:13,64.538
1759397243.89936,04:27:23,64.399
1759397253.966055,04:27:33,64.081
1759397264.037347,04:27:44,63.674
1759397274.103984,04:27:54,69.160
1759397284.170618,04:28:04,78.875
1759397294.242401,04:28:14,80.628
1759397304.309528,04:28:24,81.761
1759397314.376094,04:28:34,82.334
1759397324.453532,04:28:44,83.005
1759397334.519948,04:28:54,83.182
1759397344.586525,04:29:04,83.010
1759397354.660385,04:29:14,81.915
1759397364.755578,04:29:24,81.797
1759397374.822201,04:29:34,81.811
1759397384.896829,04:29:44,81.997
1759397394.963325,04:29:54,81.895
1759397405.029662,04:30:05,82.020
1759397415.101374,04:30:15,81.961
1759397425.16775,04:30:25,81.813
1759397435.234636,04:30:35,81.589
1759397445.310086,04:30:45,81.229
1759397455.376337,04:30:55,80.755
1759397465.449513,04:31:05,80.366
1759397475.523936,04:31:15,79.442
1759397485.590441,04:31:25,78.441
1759397495.657308,04:31:35,77.817
1759397505.729573,04:31:45,77.447
1759397515.812351,04:31:55,75.247
1759397525.879125,04:32:05,73.909
1759397535.947982,04:32:15,72.563
1759397546.014005,04:32:26,72.224
1759397556.081071,04:32:36,71.813
1759397566.15131,04:32:46,70.674
1759397576.21753,04:32:56,70.518
1759397586.284787,04:33:06,69.585
1759397596.35411,04:33:16,69.555
1759397606.423147,04:33:26,68.468
1759397616.489725,04:33:36,68.946
1759397626.56031,04:33:46,68.018
1759397636.626986,04:33:56,67.117
1759397646.693496,04:34:06,66.611
1759397656.779046,04:34:16,66.131
1759397666.853671,04:34:26,66.180
1759397676.92015,04:34:36,66.101
1759397686.993081,04:34:46,65.671
1759397697.059729,04:34:57,65.375
1759397707.12631,04:35:07,65.010
1759397717.196165,04:35:17,64.518
1759397727.263238,04:35:27,64.527
1759397737.329624,04:35:37,64.347
1759397747.399159,04:35:47,64.279
1759397757.466319,04:35:57,64.244
1759397767.532912,04:36:07,63.996
1759397777.604785,04:36:17,63.801
1759397787.67197,04:36:27,73.553
1759397797.738235,04:36:37,79.585
1759397807.840866,04:36:47,80.799
1759397817.907545,04:36:57,81.883
1759397827.973887,04:37:07,82.321
1759397838.04333,04:37:18,83.053
1759397848.109699,04:37:28,83.160
1759397858.176219,04:37:38,83.142
1759397868.246845,04:37:48,82.934
1759397878.313076,04:37:58,82.564
1759397888.379396,04:38:08,82.095
1759397898.460158,04:38:18,81.397
1759397908.526509,04:38:28,81.329
1759397918.592937,04:38:38,80.890
1759397928.664052,04:38:48,80.557
1759397938.730633,04:38:58,80.448
1759397948.797971,04:39:08,80.353
1759397958.886477,04:39:18,79.937
1759397968.952694,04:39:28,79.225
1759397979.018842,04:39:39,78.778
1759397989.092146,04:39:49,77.968
1759397999.158493,04:39:59,77.605
1759398009.224561,04:40:09,75.879
1759398019.298757,04:40:19,74.204
1759398029.365005,04:40:29,73.492
1759398039.439865,04:40:39,72.937
1759398049.51035,04:40:49,72.823
1759398059.576514,04:40:59,71.743
1759398069.642827,04:41:09,70.579
1759398079.712446,04:41:19,70.776
1759398089.778847,04:41:29,70.056
1759398099.872036,04:41:39,69.371
1759398109.943711,04:41:49,69.490
1759398120.010325,04:42:00,68.691
1759398130.07655,04:42:10,68.612
1759398140.146029,04:42:20,68.206
1759398150.212918,04:42:30,67.641
1759398160.279184,04:42:40,67.076
1759398170.352995,04:42:50,66.946
1759398180.419293,04:43:00,66.696
1759398190.485936,04:43:10,65.968
1759398200.559342,04:43:20,65.577
1759398210.625608,04:43:30,65.601
1759398220.691834,04:43:40,65.425
1759398230.763143,04:43:50,65.008
1759398240.829636,04:44:00,64.434
1759398250.912296,04:44:10,64.013
1759398260.983065,04:44:20,63.748
1759398271.049708,04:44:31,75.192
1759398281.116584,04:44:41,80.002
1759398291.189459,04:44:51,81.551
1759398301.255436,04:45:01,82.171
1759398311.321692,04:45:11,82.505
1759398321.395079,04:45:21,82.919
1759398331.462749,04:45:31,83.098
1759398341.529072,04:45:41,83.212
1759398351.602964,04:45:51,83.167
1759398361.669296,04:46:01,82.956
1759398371.735824,04:46:11,82.502
1759398381.809688,04:46:21,82.114
1759398391.902559,04:46:31,81.435
1759398401.968777,04:46:41,80.849
1759398412.045271,04:46:52,80.610
1759398422.11126,04:47:02,80.300
1759398432.177508,04:47:12,79.853
1759398442.253475,04:47:22,79.499
1759398452.319931,04:47:32,79.201
1759398462.38627,04:47:42,78.426
1759398472.46815,04:47:52,78.056
1759398482.534649,04:48:02,77.631
1759398492.600788,04:48:12,77.406
1759398502.670845,04:48:22,76.186
1759398512.737316,04:48:32,75.167
1759398522.803342,04:48:42,74.145
1759398532.873977,04:48:52,72.865
1759398542.958007,04:49:02,71.549
1759398553.024389,04:49:13,71.326
1759398563.099399,04:49:23,70.386
1759398573.166495,04:49:33,69.400
1759398583.23295,04:49:43,69.230
1759398593.3019,04:49:53,69.057
1759398603.367841,04:50:03,68.896
1759398613.436307,04:50:13,68.618
1759398623.505908,04:50:23,68.396
1759398633.572325,04:50:33,68.148
1759398643.638537,04:50:43,67.860
1759398653.710744,04:50:53,67.350
1759398663.777388,04:51:03,66.415
1759398673.843919,04:51:13,65.856
1759398683.937392,04:51:23,65.383
1759398694.016875,04:51:34,64.948
1759398704.083151,04:51:44,64.958
1759398714.154461,04:51:54,64.966
1759398724.220586,04:52:04,64.724
1759398734.287422,04:52:14,64.652
1759398744.3589,04:52:24,64.538
1759398754.425487,04:52:34,64.191
1759398764.491972,04:52:44,63.954
1759398774.563727,04:52:54,63.778
1759398784.63008,04:53:04,63.696
1759398794.696364,04:53:14,70.339
1759398804.769216,04:53:24,79.353
1759398814.835591,04:53:34,80.929
1759398824.901781,04:53:44,81.920
1759398834.999808,04:53:54,82.247
1759398845.066514,04:54:05,83.097
1759398855.132859,04:54:15,83.288
1759398865.208055,04:54:25,83.226
1759398875.274313,04:54:35,82.681
1759398885.341163,04:54:45,81.806
1759398895.412953,04:54:55,81.775
1759398905.47938,04:55:05,81.562
1759398915.545699,04:55:15,81.604
1759398925.615321,04:55:25,81.604
1759398935.681897,04:55:35,81.801
1759398945.748238,04:55:45,81.546
1759398955.818528,04:55:55,81.313
1759398965.884862,04:56:05,81.018
1759398975.951156,04:56:15,81.048
1759398986.045301,04:56:26,80.214
1759398996.111672,04:56:36,79.580
1759399006.177784,04:56:46,78.275
1759399016.252032,04:56:56,77.802
1759399026.318634,04:57:06,77.240
1759399036.385457,04:57:16,76.140
1759399046.468569,04:57:26,74.226
1759399056.535272,04:57:36,72.900
1759399066.6019,04:57:46,72.130
1759399076.67199,04:57:56,70.824
1759399086.738559,04:58:06,69.967
1759399096.80545,04:58:16,70.123
1759399106.879976,04:58:26,69.577
1759399116.946634,04:58:36,69.198
1759399127.040222,04:58:47,68.497
1759399137.109693,04:58:57,67.918
1759399147.176209,04:59:07,67.453
1759399157.242528,04:59:17,66.855
1759399167.315668,04:59:27,66.949
1759399177.382702,04:59:37,66.829
1759399187.458946,04:59:47,66.430
1759399197.531518,04:59:57,65.960
1759399207.598669,05:00:07,65.496
1759399217.665235,05:00:17,65.153
1759399227.738587,05:00:27,64.799
1759399237.805395,05:00:37,64.365
1759399247.872264,05:00:47,64.329
1759399257.945808,05:00:57,64.065
1759399268.045473,05:01:08,63.618
1759399278.112342,05:01:18,63.756
1759399288.182645,05:01:28,63.695
1759399298.249551,05:01:38,63.682
1759399308.315978,05:01:48,63.767
1759399318.389735,05:01:58,78.574
1759399328.468092,05:02:08,80.489
1759399338.53418,05:02:18,81.952
1759399348.602949,05:02:28,82.471
1759399358.669182,05:02:38,82.896
1759399368.736351,05:02:48,83.048
1759399378.810765,05:02:58,83.037
1759399388.877182,05:03:08,82.767
1759399398.944111,05:03:18,82.532
1759399409.020848,05:03:29,82.270
1759399419.105043,05:03:39,81.826
1759399429.172222,05:03:49,81.531
1759399439.246539,05:03:59,81.309
1759399449.31317,05:04:09,80.842
1759399459.37972,05:04:19,80.699
1759399469.452352,05:04:29,80.348
1759399479.519073,05:04:39,80.097
1759399489.58578,05:04:49,79.877
1759399499.654424,05:04:59,78.809
1759399509.721419,05:05:09,77.780
1759399519.787811,05:05:19,77.263
1759399529.856816,05:05:29,75.749
1759399539.923188,05:05:39,74.800
1759399549.990089,05:05:49,73.760
1759399560.093962,05:06:00,72.802
1759399570.160357,05:06:10,72.397
1759399580.227467,05:06:20,71.700
1759399590.295973,05:06:30,71.701
1759399600.362463,05:06:40,71.273
1759399610.429065,05:06:50,70.324
1759399620.499626,05:07:00,69.643
1759399630.566309,05:07:10,68.962
1759399640.632478,05:07:20,68.184
1759399650.703989,05:07:30,67.583
1759399660.770669,05:07:40,67.310
1759399670.837545,05:07:50,67.003
1759399680.910951,05:08:00,66.449
1759399690.977382,05:08:10,66.080
1759399701.044659,05:08:21,65.944
1759399711.136819,05:08:31,65.534
1759399721.202917,05:08:41,65.417
1759399731.269325,05:08:51,64.955
1759399741.341766,05:09:01,64.741
1759399751.407783,05:09:11,64.268
1759399761.484098,05:09:21,63.908
1759399771.559117,05:09:31,63.696
1759399781.625391,05:09:41,69.149
1759399791.692335,05:09:51,79.084
1759399801.763741,05:10:01,81.060
1759399811.830566,05:10:11,81.776
1759399821.897745,05:10:21,82.448
1759399831.974226,05:10:31,82.817
1759399842.041482,05:10:42,83.187
1759399852.137388,05:10:52,83.121
1759399862.209727,05:11:02,82.944
1759399872.276206,05:11:12,82.225
1759399882.343075,05:11:22,82.394
1759399892.418644,05:11:32,82.232
1759399902.488163,05:11:42,81.902
1759399912.554413,05:11:52,81.923
1759399922.624947,05:12:02,81.503
1759399932.69122,05:12:12,81.325
1759399942.757722,05:12:22,81.098
1759399952.829248,05:12:32,80.507
1759399962.89537,05:12:42,80.124
1759399972.961572,05:12:52,79.739
1759399983.037931,05:13:03,78.814
1759399993.127998,05:13:13,77.972
1759400003.194247,05:13:23,77.509
1759400013.265266,05:13:33,76.711
1759400023.331567,05:13:43,75.260
1759400033.397726,05:13:53,73.873
1759400043.482037,05:14:03,72.480
1759400053.548167,05:14:13,71.790
1759400063.614681,05:14:23,71.164
1759400073.688821,05:14:33,71.237
1759400083.755492,05:14:43,70.826
1759400093.821963,05:14:53,69.576
1759400103.890995,05:15:03,69.739
1759400113.957784,05:15:13,68.663
1759400124.024095,05:15:24,68.488
1759400134.100701,05:15:34,68.110
1759400144.187242,05:15:44,67.742
1759400154.253775,05:15:54,67.207
1759400164.323704,05:16:04,66.571
1759400174.39021,05:16:14,66.410
1759400184.458749,05:16:24,65.782
1759400194.530121,05:16:34,65.448
1759400204.596814,05:16:44,64.886
1759400214.663124,05:16:54,64.627
1759400224.732486,05:17:04,64.169
1759400234.798796,05:17:14,63.825
1759400244.865252,05:17:24,69.368
1759400254.934057,05:17:34,79.010
1759400265.000323,05:17:45,81.172
1759400275.06677,05:17:55,81.832
1759400285.167027,05:18:05,82.274
1759400295.23361,05:18:15,83.041
1759400305.300104,05:18:25,83.114
1759400315.372741,05:18:35,83.213
1759400325.439229,05:18:45,83.142
1759400335.505503,05:18:55,82.769
1759400345.579529,05:19:05,82.317
1759400355.645931,05:19:15,82.014
1759400365.71211,05:19:25,81.576
1759400375.786202,05:19:35,80.865
1759400385.852358,05:19:45,80.509
1759400395.918915,05:19:55,80.551
1759400405.99305,05:20:05,80.512
1759400416.059302,05:20:16,80.011
1759400426.125448,05:20:26,79.847
1759400436.211742,05:20:36,78.987
1759400446.278323,05:20:46,78.252
1759400456.345146,05:20:56,77.649
1759400466.414955,05:21:06,76.979
1759400476.494474,05:21:16,75.380
1759400486.560768,05:21:26,74.061
1759400496.631454,05:21:36,72.460
1759400506.697885,05:21:46,71.064
1759400516.764513,05:21:56,69.961
1759400526.835467,05:22:06,69.327
1759400536.902064,05:22:16,69.246
1759400546.968366,05:22:26,69.312
1759400557.04617,05:22:37,69.245
1759400567.11249,05:22:47,68.383
1759400577.207449,05:22:57,67.718
1759400587.284375,05:23:07,67.100
1759400597.350571,05:23:17,66.548
1759400607.416798,05:23:27,66.337
1759400617.500617,05:23:37,66.167
1759400627.567126,05:23:47,65.797
1759400637.633367,05:23:57,65.446
1759400647.702663,05:24:07,65.293
1759400657.769621,05:24:17,65.050
1759400667.836054,05:24:27,64.631
1759400677.908329,05:24:37,64.434
1759400687.974868,05:24:47,63.850
1759400698.041671,05:24:58,71.216
1759400708.111097,05:25:08,79.359
1759400718.186488,05:25:18,80.901
1759400728.268647,05:25:28,81.979
1759400738.337874,05:25:38,82.521
1759400748.404159,05:25:48,83.168
1759400758.478587,05:25:58,83.251
1759400768.554951,05:26:08,83.233
1759400778.621567,05:26:18,83.037
1759400788.688064,05:26:28,82.652
1759400798.759894,05:26:38,82.556
1759400808.82625,05:26:48,81.963
1759400818.892706,05:26:58,81.720
1759400828.964026,05:27:08,80.663
1759400839.030727,05:27:19,80.521
1759400849.097689,05:27:29,80.275
1759400859.167658,05:27:39,79.707
1759400869.25602,05:27:49,79.471
1759400879.322677,05:27:59,79.418
1759400889.391355,05:28:09,79.076
1759400899.457594,05:28:19,78.018
1759400909.524806,05:28:29,77.385
1759400919.598339,05:28:39,75.536
1759400929.66492,05:28:49,74.418
1759400939.731591,05:28:59,72.637
1759400949.803111,05:29:09,71.589
1759400959.869567,05:29:19,71.139
1759400969.936441,05:29:29,70.816
1759400980.011572,05:29:40,70.666
1759400990.07875,05:29:50,70.301
1759401000.145605,05:30:00,69.304
1759401010.228328,05:30:10,69.081
1759401020.310686,05:30:20,68.053
1759401030.377017,05:30:30,68.076
1759401040.449708,05:30:40,67.915
1759401050.51697,05:30:50,67.509
1759401060.583009,05:31:00,67.631
1759401070.652128,05:31:10,67.053
1759401080.718931,05:31:20,66.421
1759401090.784662,05:31:30,65.994
1759401100.856468,05:31:40,65.599
1759401110.92286,05:31:50,65.261
1759401120.989244,05:32:00,65.183
1759401131.05917,05:32:11,64.865
1759401141.125797,05:32:21,64.537
1759401151.192143,05:32:31,64.161
1759401161.29269,05:32:41,63.572
1759401171.359208,05:32:51,78.392
1759401181.425021,05:33:01,80.624
1759401191.513293,05:33:11,81.720
1759401201.579626,05:33:21,82.386
1759401211.645953,05:33:31,83.154
1759401221.71612,05:33:41,83.280
1759401231.78233,05:33:51,83.322
1759401241.848605,05:34:01,83.422
1759401251.917803,05:34:11,83.308
1759401261.984275,05:34:21,82.619
1759401272.050672,05:34:32,81.980
1759401282.119553,05:34:42,81.583
1759401292.186114,05:34:52,81.066
1759401302.25993,05:35:02,80.250
1759401312.35649,05:35:12,79.951
1759401322.422515,05:35:22,79.869
1759401332.503865,05:35:32,79.724
1759401342.57284,05:35:42,79.376
1759401352.638968,05:35:52,78.853
1759401362.706094,05:36:02,78.187
1759401372.774757,05:36:12,77.460
1759401382.841324,05:36:22,76.748
1759401392.908363,05:36:32,74.403
1759401402.978891,05:36:42,72.537
1759401413.045331,05:36:53,72.162
1759401423.111377,05:37:03,71.855
1759401433.183123,05:37:13,71.606
1759401443.249469,05:37:23,70.992
1759401453.333165,05:37:33,70.467
1759401463.407735,05:37:43,70.326
1759401473.476643,05:37:53,69.474
1759401483.543484,05:38:03,69.046
1759401493.616793,05:38:13,68.765
1759401503.683812,05:38:23,68.504
1759401513.750126,05:38:33,67.505
1759401523.823779,05:38:43,67.470
1759401533.890513,05:38:53,67.060
1759401543.956693,05:39:03,66.507
1759401554.027697,05:39:14,66.138
1759401564.094318,05:39:24,65.969
1759401574.16147,05:39:34,65.339
1759401584.236531,05:39:44,65.056
1759401594.326434,05:39:54,64.739
1759401604.393363,05:40:04,64.328
1759401614.463875,05:40:14,63.945
1759401624.530256,05:40:24,63.767
1759401634.596515,05:40:34,75.408
1759401644.670661,05:40:44,79.908
1759401654.736931,05:40:54,80.914
1759401664.803222,05:41:04,81.916
1759401674.87268,05:41:14,82.394
1759401684.939679,05:41:24,83.225
1759401695.005865,05:41:35,83.366
1759401705.077436,05:41:45,83.370
1759401715.144451,05:41:55,83.184
1759401725.211369,05:42:05,82.876
1759401735.28095,05:42:15,82.639
1759401745.368651,05:42:25,82.504
1759401755.434904,05:42:35,82.286
1759401765.527592,05:42:45,81.786
1759401775.593697,05:42:55,81.411
1759401785.660479,05:43:05,81.156
1759401795.72949,05:43:15,80.707
1759401805.796764,05:43:25,80.777
1759401815.863029,05:43:35,80.820
1759401825.931971,05:43:45,80.383
1759401835.998642,05:43:55,79.938
1759401846.065138,05:44:06,78.667
1759401856.135508,05:44:16,77.468
1759401866.202175,05:44:26,75.216
1759401876.269,05:44:36,73.692
1759401886.364597,05:44:46,72.495
1759401896.431023,05:44:56,72.316
1759401906.51249,05:45:06,71.797
1759401916.581309,05:45:16,70.964
1759401926.647546,05:45:26,70.062
1759401936.714079,05:45:36,69.405
1759401946.78807,05:45:46,69.127
1759401956.854971,05:45:56,68.930
1759401966.921399,05:46:06,68.875
1759401976.995092,05:46:16,68.006
1759401987.06176,05:46:27,68.214
1759401997.136405,05:46:37,67.613
1759402007.208621,05:46:47,66.970
1759402017.275681,05:46:57,66.381
1759402027.361199,05:47:07,65.914
1759402037.438459,05:47:17,65.628
1759402047.515256,05:47:27,65.036
1759402057.581754,05:47:37,64.915
1759402067.655132,05:47:47,64.885
1759402077.721651,05:47:57,64.586
1759402087.789231,05:48:07,64.380
1759402097.862253,05:48:17,63.590
1759402107.92839,05:48:27,78.336
1759402117.995297,05:48:37,80.188
1759402128.068721,05:48:48,81.705
1759402138.134776,05:48:58,82.426
1759402148.201158,05:49:08,82.933
1759402158.270215,05:49:18,83.213
1759402168.336654,05:49:28,83.335
1759402178.422678,05:49:38,83.184
1759402188.502303,05:49:48,83.245
1759402198.568567,05:49:58,82.877
1759402208.634637,05:50:08,82.562
1759402218.709204,05:50:18,81.949
1759402228.77602,05:50:28,81.028
1759402238.842654,05:50:38,80.111
1759402248.912097,05:50:48,79.693
1759402258.978611,05:50:58,79.228
1759402269.044923,05:51:09,79.172
1759402279.116651,05:51:19,79.083
1759402289.183064,05:51:29,78.691
1759402299.249802,05:51:39,77.925
1759402309.329076,05:51:49,77.366
1759402319.422247,05:51:59,77.291
1759402329.490531,05:52:09,75.835
1759402339.566493,05:52:19,73.907
1759402349.63272,05:52:29,72.648
1759402359.70031,05:52:39,71.375
1759402369.771267,05:52:49,70.143
1759402379.837555,05:52:59,69.365
1759402389.903921,05:53:09,68.779
1759402399.976117,05:53:19,68.600
1759402410.042505,05:53:30,68.880
1759402420.109011,05:53:40,68.721
1759402430.181546,05:53:50,68.554
1759402440.247771,05:54:00,68.080
1759402450.314725,05:54:10,67.569
1759402460.393551,05:54:20,66.901
1759402470.477103,05:54:30,66.751
1759402480.543779,05:54:40,65.843
1759402490.62006,05:54:50,66.100
1759402500.687085,05:55:00,65.602
1759402510.75432,05:55:10,65.225
1759402520.826637,05:55:20,64.673
1759402530.892925,05:55:30,64.449
1759402540.959266,05:55:40,64.376
1759402551.03069,05:55:51,63.985
1759402561.09715,05:56:01,74.081
1759402571.163713,05:56:11,80.016
1759402581.235201,05:56:21,81.454
1759402591.301509,05:56:31,82.795
1759402601.368099,05:56:41,83.065
1759402611.463645,05:56:51,83.123
1759402621.529856,05:57:01,82.891
1759402631.596642,05:57:11,82.554
1759402641.673209,05:57:21,82.214
1759402651.740349,05:57:31,82.266
1759402661.806613,05:57:41,82.309
1759402671.880928,05:57:51,82.291
1759402681.947034,05:58:01,82.075
1759402692.013275,05:58:12,81.532
1759402702.082242,05:58:22,81.464
1759402712.148558,05:58:32,81.280
1759402722.215044,05:58:42,80.465
1759402732.284023,05:58:52,79.876
1759402742.350229,05:59:02,79.069
1759402752.427945,05:59:12,78.378
1759402762.528644,05:59:22,77.612
1759402772.595099,05:59:32,77.405
1759402782.661395,05:59:42,75.586
1759402792.731554,05:59:52,74.406
1759402802.79827,06:00:02,73.342
1759402812.864857,06:00:12,73.068
1759402822.934275,06:00:22,72.061
1759402833.000768,06:00:33,71.563
1759402843.067092,06:00:43,70.920
1759402853.136357,06:00:53,70.503
1759402863.202769,06:01:03,70.348
1759402873.268759,06:01:13,69.742
1759402883.337865,06:01:23,69.077
1759402893.404338,06:01:33,68.203
1759402903.497593,06:01:43,67.469
1759402913.572346,06:01:53,67.113
1759402923.638674,06:02:03,66.479
1759402933.705789,06:02:13,66.064
1759402943.77767,06:02:23,65.581
1759402953.844212,06:02:33,65.182
1759402963.910514,06:02:43,64.814
1759402973.982098,06:02:53,64.576
1759402984.048406,06:03:04,64.532
1759402994.114898,06:03:14,64.318
1759403004.184969,06:03:24,64.066
1759403014.251201,06:03:34,63.694
1759403024.317469,06:03:44,63.715
1759403034.388837,06:03:54,76.163
1759403044.465826,06:04:04,80.106
1759403054.555439,06:04:14,81.402
1759403064.627357,06:04:24,82.189
1759403074.694259,06:04:34,82.823
1759403084.761065,06:04:44,83.107
1759403094.833516,06:04:54,83.197
1759403104.90009,06:05:04,83.175
1759403114.966859,06:05:14,82.925
1759403125.036392,06:05:25,82.415
1759403135.102689,06:05:35,82.228
1759403145.169207,06:05:45,81.493
1759403155.238939,06:05:55,81.154
1759403165.305493,06:06:05,81.064
1759403175.371886,06:06:15,80.644
1759403185.442634,06:06:25,80.187
1759403195.55166,06:06:35,80.079
1759403205.618033,06:06:45,79.306
1759403215.6923,06:06:55,78.671
1759403225.758789,06:07:05,77.658
1759403235.824905,06:07:15,77.392
1759403245.897377,06:07:25,76.193
1759403255.964524,06:07:35,74.625
1759403266.03082,06:07:46,73.523
1759403276.101412,06:07:56,72.232
1759403286.16797,06:08:06,71.340
1759403296.234503,06:08:16,70.372
1759403306.303664,06:08:26,69.799
1759403316.370266,06:08:36,70.280
1759403326.43679,06:08:46,69.970
1759403336.557981,06:08:56,69.672
1759403346.624429,06:09:06,69.312
1759403356.690964,06:09:16,68.780
1759403366.760089,06:09:26,68.398
1759403376.826597,06:09:36,67.907
1759403386.893668,06:09:46,67.501
1759403396.962891,06:09:56,66.517
1759403407.029248,06:10:07,66.090
1759403417.095503,06:10:17,65.811
1759403427.165147,06:10:27,65.497
1759403437.231605,06:10:37,65.084
1759403447.298307,06:10:47,64.371
1759403457.375099,06:10:57,64.056
1759403467.441633,06:11:07,63.921
1759403477.530037,06:11:17,73.829
1759403487.623645,06:11:27,79.421
1759403497.690043,06:11:37,81.524
1759403507.756484,06:11:47,82.179
1759403517.830339,06:11:57,82.703
1759403527.896826,06:12:07,83.093
1759403537.96315,06:12:17,83.150
1759403548.037496,06:12:28,82.912
1759403558.103805,06:12:38,82.412
1759403568.169931,06:12:48,82.452
1759403578.241065,06:12:58,82.090
1759403588.307494,06:13:08,82.102
1759403598.373827,06:13:18,81.612
1759403608.443994,06:13:28,81.761
1759403618.516997,06:13:38,81.473
1759403628.59916,06:13:48,81.024
1759403638.675575,06:13:58,80.697
1759403648.742226,06:14:08,80.551
1759403658.808775,06:14:18,79.998
1759403668.883787,06:14:28,79.410
1759403678.950003,06:14:38,78.346
1759403689.016465,06:14:49,77.383
1759403699.086828,06:14:59,75.921
1759403709.153325,06:15:09,74.308
1759403719.219939,06:15:19,72.820
1759403729.293303,06:15:29,71.656
1759403739.359768,06:15:39,71.556
1759403749.426075,06:15:49,71.133
1759403759.495547,06:15:59,70.313
1759403769.586498,06:16:09,70.397
1759403779.652764,06:16:19,69.594
1759403789.726239,06:16:29,69.303
1759403799.792606,06:16:39,68.501
1759403809.859041,06:16:49,67.717
1759403819.927634,06:16:59,67.982
1759403829.9941,06:17:09,66.930
1759403840.060397,06:17:20,66.637
1759403850.130968,06:17:30,66.243
1759403860.19781,06:17:40,65.971
1759403870.264359,06:17:50,65.292
1759403880.339497,06:18:00,64.905
1759403890.405874,06:18:10,64.714
1759403900.471987,06:18:20,64.658
1759403910.54805,06:18:30,64.203
1759403920.633838,06:18:40,63.814
1759403930.700042,06:18:50,73.044
1759403940.773115,06:19:00,79.985
1759403950.83968,06:19:10,81.481
1759403960.906681,06:19:20,82.224
1759403970.981601,06:19:30,82.199
1759403981.048008,06:19:41,82.935
1759403991.114745,06:19:51,83.182
1759404001.188422,06:20:01,83.253
1759404011.254898,06:20:11,83.212
1759404021.321996,06:20:21,82.974
1759404031.395256,06:20:31,82.262
1759404041.461504,06:20:41,81.634
1759404051.543325,06:20:51,81.230
1759404061.641863,06:21:01,80.767
1759404071.708724,06:21:11,80.726
1759404081.774969,06:21:21,80.475
1759404091.848687,06:21:31,80.264
1759404101.915244,06:21:41,79.830
1759404111.981735,06:21:51,79.064
1759404122.051393,06:22:02,78.259
1759404132.118025,06:22:12,77.740
1759404142.184659,06:22:22,77.310
1759404152.255323,06:22:32,76.327
1759404162.321756,06:22:42,74.760
1759404172.388529,06:22:52,73.146
1759404182.458924,06:23:02,72.226
1759404192.539562,06:23:12,71.583
1759404202.621228,06:23:22,70.648
1759404212.69854,06:23:32,70.006
1759404222.765025,06:23:42,69.940
1759404232.831142,06:23:52,68.741
1759404242.90091,06:24:02,68.821
1759404252.967479,06:24:12,68.436
1759404263.033612,06:24:23,68.148
1759404273.10913,06:24:33,67.536
1759404283.17568,06:24:43,67.134
1759404293.241855,06:24:53,66.697
1759404303.311456,06:25:03,66.438
1759404313.378741,06:25:13,65.885
1759404323.445068,06:25:23,65.250
1759404333.515349,06:25:33,65.023
1759404343.582441,06:25:43,65.002
1759404353.680014,06:25:53,64.759
1759404363.749658,06:26:03,64.495
1759404373.81619,06:26:13,64.344
1759404383.882522,06:26:23,64.276
1759404393.95184,06:26:33,64.190
1759404404.018293,06:26:44,64.391
1759404414.084947,06:26:54,64.005
1759404424.157,06:27:04,63.729
1759404434.223532,06:27:14,75.273
1759404444.289834,06:27:24,79.615
1759404454.358386,06:27:34,81.506
1759404464.42458,06:27:44,82.023
1759404474.490995,06:27:54,82.677
1759404484.560563,06:28:04,83.159
1759404494.627064,06:28:14,83.209
1759404504.714334,06:28:24,82.600
1759404514.783204,06:28:34,82.218
1759404524.85004,06:28:44,81.856
1759404534.91661,06:28:54,82.156
1759404544.98298,06:29:04,82.245
1759404555.049835,06:29:15,82.184
1759404565.116167,06:29:25,81.904
1759404575.182795,06:29:35,81.517
1759404585.24926,06:29:45,81.477
1759404595.315963,06:29:55,81.302
1759404605.382477,06:30:05,81.002
1759404615.448789,06:30:15,80.734
1759404625.516366,06:30:25,80.171
1759404635.583347,06:30:35,79.291
1759404645.655633,06:30:45,78.587
1759404655.744871,06:30:55,77.539
1759404665.811407,06:31:05,77.278
1759404675.878041,06:31:15,75.890
1759404685.944824,06:31:25,74.690
1759404696.011046,06:31:36,73.418
1759404706.077809,06:31:46,72.785
1759404716.144501,06:31:56,71.666
1759404726.211953,06:32:06,71.881
1759404736.278123,06:32:16,71.105
1759404746.344597,06:32:26,70.034
1759404756.410928,06:32:36,69.022
1759404766.477188,06:32:46,69.254
1759404776.554435,06:32:56,68.557
1759404786.621415,06:33:06,68.174
1759404796.723228,06:33:16,67.588
1759404806.79024,06:33:26,67.186
1759404816.856887,06:33:36,66.869
1759404826.923217,06:33:46,66.369
1759404836.989913,06:33:56,65.782
1759404847.056083,06:34:07,65.269
1759404857.122474,06:34:17,65.059
1759404867.188939,06:34:27,64.722
1759404877.255477,06:34:37,64.478
1759404887.322157,06:34:47,64.134
1759404897.388103,06:34:57,63.721
1759404907.454255,06:35:07,78.861
1759404917.520584,06:35:17,80.741
1759404927.586841,06:35:27,81.720
1759404937.65318,06:35:37,82.316
1759404947.747335,06:35:47,82.961
1759404957.813824,06:35:57,83.215
1759404967.880147,06:36:07,83.328
1759404977.947134,06:36:17,83.259
1759404988.013657,06:36:28,82.786
1759404998.080509,06:36:38,82.243
1759405008.146833,06:36:48,81.934
1759405018.213214,06:36:58,81.200
1759405028.279928,06:37:08,80.917
1759405038.346528,06:37:18,80.531
1759405048.413131,06:37:28,80.259
1759405058.48068,06:37:38,80.210
1759405068.559179,06:37:48,80.085
1759405078.625571,06:37:58,80.073
1759405088.692548,06:38:08,79.811
1759405098.777611,06:38:18,78.554
1759405108.84416,06:38:28,77.621
1759405118.91106,06:38:38,77.216
1759405128.977616,06:38:48,75.878
1759405139.044517,06:38:59,73.824
1759405149.110819,06:39:09,72.059
1759405159.177356,06:39:19,70.681
1759405169.244053,06:39:29,70.128
1759405179.310228,06:39:39,69.858
1759405189.376919,06:39:49,69.468
1759405199.443552,06:39:59,69.181
1759405209.510188,06:40:09,69.288
1759405219.5769,06:40:19,68.987
1759405229.642919,06:40:29,68.942
1759405239.709199,06:40:39,68.639
1759405249.7961,06:40:49,68.689
1759405259.862516,06:40:59,68.190
1759405269.929004,06:41:09,67.710
1759405279.995462,06:41:19,67.249
1759405290.061705,06:41:30,66.871
1759405300.128361,06:41:40,66.655
1759405310.194418,06:41:50,66.281
1759405320.26155,06:42:00,66.127
1759405330.327844,06:42:10,65.723
1759405340.394257,06:42:20,65.435
1759405350.460815,06:42:30,65.270
1759405360.527309,06:42:40,65.282
1759405370.593663,06:42:50,65.418
1759405380.660467,06:43:00,65.188
1759405390.726788,06:43:10,64.878
1759405400.811591,06:43:20,64.396
1759405410.878274,06:43:30,64.385
1759405420.944853,06:43:40,64.385
1759405431.011294,06:43:51,64.189
1759405441.078492,06:44:01,64.153
1759405451.145266,06:44:11,63.981
1759405461.21154,06:44:21,63.802
1759405471.278345,06:44:31,63.681
1759405481.344714,06:44:41,63.654
1759405491.41107,06:44:51,63.785
1759405501.477124,06:45:01,66.626
1759405511.556542,06:45:11,78.813
1759405521.623005,06:45:21,80.726
1759405531.689885,06:45:31,82.004
1759405541.756503,06:45:41,82.362
1759405551.838241,06:45:51,83.069
1759405561.90477,06:46:01,83.307
1759405571.971363,06:46:11,83.182
1759405582.037523,06:46:22,82.086
1759405592.104438,06:46:32,81.379
1759405602.171028,06:46:42,81.630
1759405612.237393,06:46:52,81.648
1759405622.303582,06:47:02,81.817
1759405632.369958,06:47:12,81.700
1759405642.43664,06:47:22,81.646
1759405652.503558,06:47:32,81.726
1759405662.569809,06:47:42,81.511
1759405672.636517,06:47:52,81.351
1759405682.703206,06:48:02,80.940
1759405692.769976,06:48:12,80.293
1759405702.858607,06:48:22,79.699
1759405712.925892,06:48:32,79.188
1759405722.992107,06:48:42,78.488
1759405733.058724,06:48:53,78.202
1759405743.125662,06:49:03,77.828
1759405753.192019,06:49:13,76.882
1759405763.258203,06:49:23,75.156
1759405773.325211,06:49:33,73.879
1759405783.391601,06:49:43,73.645
1759405793.458298,06:49:53,73.158
1759405803.524975,06:50:03,73.527
1759405813.591328,06:50:13,71.820
1759405823.657565,06:50:23,72.011
1759405833.724171,06:50:33,71.707
1759405843.79105,06:50:43,71.009
1759405853.873041,06:50:53,70.891
1759405863.939333,06:51:03,70.449
1759405874.006015,06:51:14,70.078
1759405884.072203,06:51:24,69.738
1759405894.138517,06:51:34,69.436
1759405904.205202,06:51:44,69.110
1759405914.2718,06:51:54,68.782
1759405924.338039,06:52:04,68.499
1759405934.40424,06:52:14,68.182
1759405944.470984,06:52:24,67.873
1759405954.537394,06:52:34,67.699
1759405964.604049,06:52:44,67.267
1759405974.670467,06:52:54,67.174
1759405984.736967,06:53:04,67.045
1759405994.803416,06:53:14,66.835
1759406004.891939,06:53:24,66.604
1759406014.958421,06:53:34,66.593
1759406025.024598,06:53:45,66.396
1759406035.091169,06:53:55,66.256
1759406045.157757,06:54:05,66.209
1759406055.224059,06:54:15,66.124
1759406065.29068,06:54:25,65.961
1759406075.357294,06:54:35,65.947
1759406085.424073,06:54:45,65.774
1759406095.490214,06:54:55,65.740
1759406105.573425,06:55:05,65.484
1759406115.640336,06:55:15,65.473
1759406125.706607,06:55:25,65.112
1759406135.772939,06:55:35,65.004
1759406145.839225,06:55:45,64.886
1759406155.924763,06:55:55,64.836
1759406165.991151,06:56:05,64.934
1759406176.057634,06:56:16,64.969
1759406186.124124,06:56:26,64.702
1759406196.190525,06:56:36,64.597
1759406206.257581,06:56:46,64.686
1759406216.323917,06:56:56,64.621
1759406226.390622,06:57:06,64.859
1759406236.457643,06:57:16,64.802
1759406246.52375,06:57:26,64.472
1759406256.590819,06:57:36,64.297
1759406266.658003,06:57:46,64.369
1759406276.724497,06:57:56,64.369
1759406286.791768,06:58:06,64.408
1759406296.858322,06:58:16,64.148
1759406306.941484,06:58:26,64.115
1759406317.00861,06:58:37,64.011
1759406327.075206,06:58:47,64.160
1759406337.141702,06:58:57,64.136
1759406347.208238,06:59:07,64.250
1759406357.274548,06:59:17,64.285
1759406367.341543,06:59:27,64.139
1759406377.408587,06:59:37,64.009
1759406387.47481,06:59:47,63.958
1759406397.541621,06:59:57,63.995
1759406407.60827,07:00:07,64.059
1759406417.67483,07:00:17,64.074
1759406427.741765,07:00:27,64.221
1759406437.808953,07:00:37,64.386
1759406447.875207,07:00:47,64.095
1759406457.964155,07:00:57,64.138
1759406468.03055,07:01:08,63.993
1759406478.096945,07:01:18,63.967
1759406488.163016,07:01:28,63.939
1759406498.229532,07:01:38,63.946
1759406508.296073,07:01:48,64.121
1759406518.36298,07:01:58,63.918
1759406528.549567,07:02:08,63.891
1759406538.616263,07:02:18,63.909
1759406548.683573,07:02:28,63.898
1759406558.749712,07:02:38,63.626
1759406568.816883,07:02:48,63.880
1759406578.883939,07:02:58,63.912
1759406588.968442,07:03:08,63.699
1759406599.035217,07:03:19,63.951
1759406609.102094,07:03:29,63.837
1759406619.1687,07:03:39,71.823
1759406629.234936,07:03:49,80.537
1759406639.30127,07:03:59,81.548
1759406649.36839,07:04:09,82.836
1759406659.434635,07:04:19,83.797
1759406669.501098,07:04:29,83.855
1759406679.583079,07:04:39,83.694
1759406689.649355,07:04:49,83.605
1759406699.715581,07:04:59,83.656
1759406709.782104,07:05:09,83.549
1759406719.849403,07:05:19,83.453
1759406729.915898,07:05:29,83.357
1759406739.999946,07:05:39,83.213
1759406750.066845,07:05:50,82.933
1759406760.133508,07:06:00,82.313
1759406770.200216,07:06:10,81.252
1759406780.26652,07:06:20,80.396
1759406790.33322,07:06:30,79.524
1759406800.399652,07:06:40,78.932
1759406810.466034,07:06:50,78.435
1759406820.532521,07:07:00,76.926
1759406830.598979,07:07:10,76.253
1759406840.665757,07:07:20,75.398
1759406850.732306,07:07:30,74.838
1759406860.799217,07:07:40,74.318
1759406870.865719,07:07:50,73.852
1759406880.93205,07:08:00,73.235
1759406891.016849,07:08:11,72.324
1759406901.083579,07:08:21,71.608
1759406911.149987,07:08:31,71.052
1759406921.217124,07:08:41,70.761
1759406931.284259,07:08:51,70.463
1759406941.350727,07:09:01,70.135
1759406951.41767,07:09:11,69.980
1759406961.483825,07:09:21,69.628
1759406971.550387,07:09:31,69.192
1759406981.61684,07:09:41,68.795
1759406991.683512,07:09:51,68.709
1759407001.749956,07:10:01,68.511
1759407011.81649,07:10:11,68.490
1759407021.883199,07:10:21,68.287
1759407031.953953,07:10:31,67.864
1759407042.041804,07:10:42,67.626
1759407052.109195,07:10:52,67.735
1759407062.175835,07:11:02,67.519
1759407072.242705,07:11:12,67.470
1759407082.309598,07:11:22,67.271
1759407092.376094,07:11:32,67.233
1759407102.442934,07:11:42,67.075
1759407112.5098,07:11:52,67.049
1759407122.588683,07:12:02,66.836
1759407132.655718,07:12:12,66.813
1759407142.7227,07:12:22,67.063
1759407152.789152,07:12:32,66.784
1759407162.855506,07:12:42,66.746
1759407172.921821,07:12:52,66.696
1759407183.011661,07:13:03,66.477
1759407193.078035,07:13:13,66.485
1759407203.144354,07:13:23,66.492
1759407213.211126,07:13:33,66.457
1759407223.277573,07:13:43,66.439
1759407233.343919,07:13:53,66.339
1759407243.41023,07:14:03,66.215
1759407253.476573,07:14:13,66.124
1759407263.543481,07:14:23,66.102
1759407273.61002,07:14:33,65.923
1759407283.677023,07:14:43,65.881
1759407293.743477,07:14:53,65.826
1759407303.809952,07:15:03,65.854
1759407313.876513,07:15:13,65.866
1759407323.94324,07:15:23,65.919
1759407334.041109,07:15:34,66.060
1759407344.10779,07:15:44,66.133
1759407354.174052,07:15:54,66.015
1759407364.240626,07:16:04,66.016
1759407374.307371,07:16:14,66.113
1759407384.37384,07:16:24,66.035
1759407394.440941,07:16:34,66.085
1759407404.507145,07:16:44,65.858
1759407414.590695,07:16:54,65.580
1759407424.65767,07:17:04,65.448
1759407434.723844,07:17:14,65.509
1759407444.790162,07:17:24,65.689
1759407454.856815,07:17:34,65.567
1759407464.923844,07:17:44,65.339
1759407474.990179,07:17:54,65.327
1759407485.085716,07:18:05,65.419
1759407495.15235,07:18:15,65.426
1759407505.219042,07:18:25,65.428
1759407515.285874,07:18:35,65.242
1759407525.352884,07:18:45,65.379
1759407535.419436,07:18:55,64.939
1759407545.486138,07:19:05,64.882
1759407555.552484,07:19:15,64.674
1759407565.618887,07:19:25,64.614
1759407575.685201,07:19:35,64.690
1759407585.751732,07:19:45,64.851
1759407595.818363,07:19:55,64.930
1759407605.884837,07:20:05,64.930
1759407615.951526,07:20:15,64.915
1759407626.017737,07:20:26,64.893
1759407636.100603,07:20:36,64.921
1759407646.167973,07:20:46,64.899
1759407656.234134,07:20:56,65.114
1759407666.300406,07:21:06,64.978
1759407676.367262,07:21:16,64.964
1759407686.433548,07:21:26,65.107
1759407696.499901,07:21:36,65.083
1759407706.569308,07:21:46,65.132
1759407716.635867,07:21:56,65.231
1759407726.70222,07:22:06,65.126
1759407736.769074,07:22:16,64.885
1759407746.83544,07:22:26,64.730
1759407756.902705,07:22:36,64.893
1759407766.969696,07:22:46,64.822
1759407777.036406,07:22:57,64.705
1759407787.125759,07:23:07,64.537
1759407797.193264,07:23:17,64.733
1759407807.259735,07:23:27,64.716
1759407817.32663,07:23:37,64.824
1759407827.393059,07:23:47,64.782
1759407837.459317,07:23:57,64.859
1759407847.526225,07:24:07,64.937
1759407857.599728,07:24:17,64.855
1759407867.666222,07:24:27,64.872
1759407877.732432,07:24:37,64.874
1759407887.798752,07:24:47,64.924
1759407897.865373,07:24:57,65.007
1759407907.931675,07:25:07,64.986
1759407917.998419,07:25:17,64.933
1759407928.064849,07:25:28,64.890
1759407938.146936,07:25:38,64.732
1759407948.213259,07:25:48,64.745
1759407958.279946,07:25:58,64.462
1759407968.346297,07:26:08,64.500
1759407978.41316,07:26:18,64.385
1759407988.479656,07:26:28,64.482
1759407998.545878,07:26:38,64.505
1759408008.612914,07:26:48,64.508
1759408018.679334,07:26:58,64.612
1759408028.746115,07:27:08,64.745
1759408038.812516,07:27:18,65.139
1759408048.878734,07:27:28,64.840
1759408058.945151,07:27:38,64.818
1759408069.01138,07:27:49,64.904
1759408079.078336,07:27:59,64.862
1759408089.161758,07:28:09,64.744
1759408099.228174,07:28:19,64.768
1759408109.294376,07:28:29,64.662
1759408119.360733,07:28:39,64.774
1759408129.427522,07:28:49,65.038
1759408139.493927,07:28:59,65.113
1759408149.560692,07:29:09,65.240
1759408159.627077,07:29:19,65.286
1759408169.693539,07:29:29,65.268
1759408179.760445,07:29:39,65.439
1759408189.826692,07:29:49,65.414
1759408199.893028,07:29:59,65.616
1759408209.959686,07:30:09,65.596
1759408220.026156,07:30:20,65.766
1759408230.09255,07:30:30,65.620
1759408240.170462,07:30:40,65.609
1759408250.236859,07:30:50,65.773
1759408260.303108,07:31:00,66.049
1759408270.369712,07:31:10,65.959
1759408280.436098,07:31:20,65.772
1759408290.502736,07:31:30,65.658
1759408300.569581,07:31:40,65.565
1759408310.636364,07:31:50,65.603
1759408320.702734,07:32:00,65.716
1759408330.769463,07:32:10,65.830
1759408340.836033,07:32:20,65.665
1759408350.902532,07:32:30,65.568
1759408360.969551,07:32:40,65.675
1759408371.036073,07:32:51,65.782
1759408381.102609,07:33:01,65.902
1759408391.193461,07:33:11,65.733
1759408401.259928,07:33:21,65.869
1759408411.326565,07:33:31,66.185
1759408421.3935,07:33:41,66.077
1759408431.459728,07:33:51,66.235
1759408441.525608,07:34:01,66.210
1759408451.607003,07:34:11,66.223
1759408461.673538,07:34:21,66.072
1759408471.740347,07:34:31,65.918
1759408481.806864,07:34:41,65.881
1759408491.873337,07:34:51,65.608
1759408501.93917,07:35:01,65.765
1759408512.005628,07:35:12,65.779
1759408522.071883,07:35:22,66.073
1759408532.138925,07:35:32,65.855
1759408542.222942,07:35:42,65.567
1759408552.288992,07:35:52,65.493
1759408562.355269,07:36:02,65.501
1759408572.421914,07:36:12,65.541
1759408582.4892,07:36:22,65.715
1759408592.556488,07:36:32,65.892
1759408602.625994,07:36:42,65.733
1759408612.69291,07:36:52,65.844
1759408622.759273,07:37:02,65.394
1759408632.825772,07:37:12,65.121
1759408642.892455,07:37:22,65.269
1759408652.958587,07:37:32,65.441
1759408663.024871,07:37:43,65.659
1759408673.092251,07:37:53,66.108
1759408683.168502,07:38:03,66.278
1759408693.252633,07:38:13,67.273
1759408703.319538,07:38:23,84.038
1759408713.385798,07:38:33,84.698
1759408723.452271,07:38:43,84.758
1759408733.518595,07:38:53,84.519
1759408743.593145,07:39:03,84.404
1759408753.659526,07:39:13,84.180
1759408763.726111,07:39:23,83.529
1759408773.792523,07:39:33,81.963
1759408783.858817,07:39:43,80.162
1759408793.92506,07:39:53,78.767
1759408803.991921,07:40:03,77.836
1759408814.058446,07:40:14,76.820
1759408824.124561,07:40:24,76.061
1759408834.21355,07:40:34,75.443
1759408844.280206,07:40:44,74.893
1759408854.346985,07:40:54,74.330
1759408864.413746,07:41:04,73.578
1759408874.480043,07:41:14,73.081
1759408884.54634,07:41:24,72.706
1759408894.614188,07:41:34,72.204
1759408904.680727,07:41:44,71.838
1759408914.747132,07:41:54,71.633
1759408924.813674,07:42:04,71.458
1759408934.880075,07:42:14,71.279
1759408944.951135,07:42:24,71.272
1759408955.01771,07:42:35,70.763
1759408965.084113,07:42:45,70.423
1759408975.151036,07:42:55,70.144
1759408985.244166,07:43:05,69.866
1759408995.310325,07:43:15,69.745
1759409005.376888,07:43:25,69.486
1759409015.443459,07:43:35,69.167
1759409025.510122,07:43:45,68.873
1759409035.576608,07:43:55,68.927
1759409045.643263,07:44:05,68.958
1759409055.709417,07:44:15,68.834
1759409065.775789,07:44:25,68.390
1759409075.842237,07:44:35,68.038
1759409085.908486,07:44:45,68.162
1759409095.975008,07:44:55,68.036
1759409106.041911,07:45:06,67.913
1759409116.108471,07:45:16,67.721
1759409126.174897,07:45:26,67.665
1759409136.268644,07:45:36,67.656
1759409146.335071,07:45:46,67.582
1759409156.401472,07:45:56,67.453
1759409166.468586,07:46:06,67.595
1759409176.53504,07:46:16,67.805
1759409186.617303,07:46:26,67.917
1759409196.684352,07:46:36,68.057
1759409206.750696,07:46:46,68.117
1759409216.816902,07:46:56,67.788
1759409226.883761,07:47:06,67.657
1759409236.950457,07:47:16,67.566
1759409247.016938,07:47:27,67.481
1759409257.083521,07:47:37,67.354
1759409267.149986,07:47:47,67.109
1759409277.216618,07:47:57,67.181
1759409287.299355,07:48:07,67.136
1759409297.366111,07:48:17,67.004
1759409307.432512,07:48:27,66.783
1759409317.499211,07:48:37,66.759
1759409327.565444,07:48:47,66.992
1759409337.631941,07:48:57,67.070
1759409347.698842,07:49:07,67.419
1759409357.765313,07:49:17,67.684
1759409367.831486,07:49:27,67.862
1759409377.898303,07:49:37,67.728
1759409387.964727,07:49:47,67.650
1759409398.031153,07:49:58,67.521
1759409408.0978,07:50:08,67.451
1759409418.164269,07:50:18,67.183
1759409428.230908,07:50:28,67.132
1759409438.316451,07:50:38,66.939
1759409448.38291,07:50:48,67.010
1759409458.449353,07:50:58,67.040
1759409468.516346,07:51:08,67.288
1759409478.582851,07:51:18,67.309
1759409488.649296,07:51:28,67.014
1759409498.71635,07:51:38,66.984
1759409508.782602,07:51:48,67.164
1759409518.849254,07:51:58,67.320
1759409528.916512,07:52:08,67.370
1759409538.983705,07:52:18,67.214
1759409549.049991,07:52:29,67.148
1759409559.116319,07:52:39,67.161
1759409569.182833,07:52:49,67.078
1759409579.249128,07:52:59,66.744
1759409589.332238,07:53:09,66.403
1759409599.398826,07:53:19,66.565
1759409609.464902,07:53:29,66.829
1759409619.531356,07:53:39,66.821
1759409629.604374,07:53:49,66.978
1759409639.671344,07:53:59,67.150
1759409649.73787,07:54:09,67.254
1759409659.80444,07:54:19,67.080
1759409669.87076,07:54:29,66.808
1759409679.937124,07:54:39,66.861
1759409690.003687,07:54:50,66.877
1759409700.069915,07:55:00,66.947
1759409710.136113,07:55:10,66.801
1759409720.202939,07:55:20,66.746
1759409730.269135,07:55:30,66.851
1759409740.354889,07:55:40,66.881
1759409750.421117,07:55:50,66.986
1759409760.488063,07:56:00,66.976
1759409770.554038,07:56:10,67.225
1759409780.626509,07:56:20,67.008
1759409790.693017,07:56:30,67.008
1759409800.75935,07:56:40,67.015
1759409810.825872,07:56:50,67.069
1759409820.892435,07:57:00,67.174
1759409830.959333,07:57:10,67.477
1759409841.026389,07:57:21,67.689
1759409851.092811,07:57:31,67.826
1759409861.159851,07:57:41,67.847
1759409871.226341,07:57:51,68.075
1759409881.292913,07:58:01,67.990
1759409891.378036,07:58:11,67.865
1759409901.444714,07:58:21,67.938
1759409911.511337,07:58:31,67.879
1759409921.578071,07:58:41,67.812
1759409931.644945,07:58:51,68.038
1759409941.710772,07:59:01,67.993
1759409951.776901,07:59:11,67.888
1759409961.844214,07:59:21,67.717
1759409971.910832,07:59:31,67.424
1759409981.976962,07:59:41,67.429
1759409992.04332,07:59:52,67.551
1759410002.109947,08:00:02,67.781
1759410012.177348,08:00:12,67.747
1759410022.244019,08:00:22,67.714
1759410032.310216,08:00:32,67.834
1759410042.392212,08:00:42,67.484
1759410052.458998,08:00:52,67.530
1759410062.524929,08:01:02,67.500
1759410072.59167,08:01:12,67.379
1759410082.658104,08:01:22,67.505
1759410092.724638,08:01:32,67.545
1759410102.79091,08:01:42,67.617
1759410112.857397,08:01:52,67.955
1759410122.924164,08:02:02,67.926
1759410132.990828,08:02:12,67.996
1759410143.057554,08:02:23,67.979
1759410153.124369,08:02:33,67.944
1759410163.190909,08:02:43,68.085
1759410173.257226,08:02:53,68.216
1759410183.324222,08:03:03,68.147
1759410193.413799,08:03:13,68.287
1759410203.480358,08:03:23,68.181
1759410213.546909,08:03:33,68.006
1759410223.626996,08:03:43,67.942
1759410233.693216,08:03:53,67.999
1759410243.759612,08:04:03,68.120
1759410253.826694,08:04:13,68.052
1759410263.893066,08:04:23,67.906
1759410273.960096,08:04:33,67.973
1759410284.02749,08:04:44,67.833
1759410294.093716,08:04:54,67.943
1759410304.160627,08:05:04,68.041
1759410314.22713,08:05:14,68.244
1759410324.294185,08:05:24,68.350
1759410334.361494,08:05:34,68.475
1759410344.449174,08:05:44,68.562
1759410354.515708,08:05:54,68.531
1759410364.582454,08:06:04,68.673
1759410374.648707,08:06:14,68.700
1759410384.715331,08:06:24,68.536
1759410394.782379,08:06:34,68.365
1759410404.848697,08:06:44,68.222
1759410414.915395,08:06:54,68.157
1759410424.982249,08:07:04,68.322
1759410435.048962,08:07:15,68.075
1759410445.115503,08:07:25,68.006
1759410455.181991,08:07:35,67.956
1759410465.248633,08:07:45,67.845
1759410475.315072,08:07:55,67.669
1759410485.38774,08:08:05,67.797
1759410495.475012,08:08:15,67.630
1759410505.541091,08:08:25,67.716
1759410515.611972,08:08:35,67.616
1759410525.678262,08:08:45,67.416
1759410535.744513,08:08:55,67.599
1759410545.811094,08:09:05,67.234
1759410555.87768,08:09:15,67.376
1759410565.944465,08:09:25,67.623
1759410576.010898,08:09:36,67.493
1759410586.077125,08:09:46,67.502
1759410596.14395,08:09:56,67.674
1759410606.210754,08:10:06,67.912
1759410616.276894,08:10:16,68.091
1759410626.343276,08:10:26,67.859
1759410636.42926,08:10:36,67.945
1759410646.499207,08:10:46,68.195
1759410656.566294,08:10:56,68.266
1759410666.638701,08:11:06,67.876
1759410676.704928,08:11:16,67.735
1759410686.77179,08:11:26,67.906
1759410696.838376,08:11:36,67.732
1759410706.904682,08:11:46,67.449
1759410716.970893,08:11:56,67.827
1759410727.037831,08:12:07,68.097
1759410737.104262,08:12:17,67.972
1759410747.172824,08:12:27,68.091
1759410757.239574,08:12:37,68.059
1759410767.306058,08:12:47,68.095
1759410777.373429,08:12:57,68.068
1759410787.468236,08:13:07,68.023
1759410797.53489,08:13:17,68.231
1759410807.601751,08:13:27,68.331
1759410817.668304,08:13:37,68.370
1759410827.734482,08:13:47,68.549
1759410837.800714,08:13:57,68.639
1759410847.867006,08:14:07,68.775
1759410857.933351,08:14:17,68.878
1759410867.999835,08:14:27,68.965
1759410878.066218,08:14:38,68.722
1759410888.132916,08:14:48,68.734
1759410898.19926,08:14:58,68.789
1759410908.265821,08:15:08,68.821
1759410918.331894,08:15:18,68.832
1759410928.398149,08:15:28,68.779
1759410938.490692,08:15:38,68.641
1759410948.557898,08:15:48,68.435
1759410958.640802,08:15:58,68.483
1759410968.706947,08:16:08,68.631
1759410978.773303,08:16:18,68.709
1759410988.840616,08:16:28,69.067
1759410998.906872,08:16:38,69.272
1759411008.973105,08:16:48,69.389
1759411019.039666,08:16:59,69.449
1759411029.106122,08:17:09,69.656
1759411039.173352,08:17:19,69.539
1759411049.23973,08:17:29,69.384
1759411059.306099,08:17:39,69.358
1759411069.372932,08:17:49,69.271
1759411079.439441,08:17:59,69.132
1759411089.52248,08:18:09,69.085
1759411099.589391,08:18:19,69.050
1759411109.655695,08:18:29,69.069
1759411119.721918,08:18:39,69.335
1759411129.788786,08:18:49,69.470
1759411139.855133,08:18:59,69.539
1759411149.92159,08:19:09,69.580
1759411159.98805,08:19:19,69.583
1759411170.054311,08:19:30,69.810
1759411180.121357,08:19:40,69.935
1759411190.187667,08:19:50,70.066
1759411200.254574,08:20:00,69.824
1759411210.321337,08:20:10,70.061
1759411220.387615,08:20:20,70.136
1759411230.453966,08:20:30,70.034
1759411240.537641,08:20:40,69.635
1759411250.60389,08:20:50,69.446
1759411260.670322,08:21:00,69.399
1759411270.737665,08:21:10,69.494
1759411280.804784,08:21:20,69.300
1759411290.871182,08:21:30,69.591
1759411300.937789,08:21:40,69.619
1759411311.003829,08:21:51,69.684
1759411321.070325,08:22:01,69.677
1759411331.137036,08:22:11,69.657
1759411341.203308,08:22:21,69.837
1759411351.26993,08:22:31,69.874
1759411361.336294,08:22:41,69.858
1759411371.403039,08:22:51,69.745
1759411381.46924,08:23:01,69.774
1759411391.552124,08:23:11,69.803
1759411401.621157,08:23:21,69.685
1759411411.687693,08:23:31,69.813
1759411421.754082,08:23:41,69.988
1759411431.820691,08:23:51,70.036
1759411441.886867,08:24:01,70.092
1759411451.953023,08:24:11,70.112
1759411462.019687,08:24:22,70.140
1759411472.086069,08:24:32,70.139
1759411482.152527,08:24:42,70.126
1759411492.219671,08:24:52,70.183
1759411502.286089,08:25:02,70.459
1759411512.352729,08:25:12,70.286
1759411522.419504,08:25:22,70.102
1759411532.485981,08:25:32,70.194
1759411542.5682,08:25:42,70.257
1759411552.651558,08:25:52,70.265
1759411562.717699,08:26:02,70.317
1759411572.784927,08:26:12,70.096
1759411582.851879,08:26:22,70.016
1759411592.918621,08:26:32,70.155
1759411602.9853,08:26:42,70.220
1759411613.051492,08:26:53,70.186
1759411623.118047,08:27:03,70.097
1759411633.184635,08:27:13,70.094
1759411643.250993,08:27:23,70.188
1759411653.317622,08:27:33,70.282
1759411663.387483,08:27:43,70.420
1759411673.453763,08:27:53,70.430
1759411683.54048,08:28:03,70.472
1759411693.608236,08:28:13,70.548
1759411703.675636,08:28:23,70.572
1759411713.741973,08:28:33,70.590
1759411723.809033,08:28:43,70.620
1759411733.876004,08:28:53,70.595
1759411743.942294,08:29:03,70.802
1759411754.008832,08:29:14,70.829
1759411764.075524,08:29:24,70.786
1759411774.141602,08:29:34,70.843
1759411784.208585,08:29:44,70.876
1759411794.274859,08:29:54,70.741
1759411804.34112,08:30:04,70.850
1759411814.407557,08:30:14,71.028
1759411824.474125,08:30:24,71.013
1759411834.551339,08:30:34,71.026
1759411844.642727,08:30:44,71.056
1759411854.709086,08:30:54,71.000
1759411864.776149,08:31:04,70.812
1759411874.842833,08:31:14,70.822
1759411884.909211,08:31:24,70.667
1759411894.97562,08:31:34,70.823
1759411905.042201,08:31:45,70.727
1759411915.108519,08:31:55,70.577
1759411925.175835,08:32:05,70.430
1759411935.242357,08:32:15,70.346
1759411945.30927,08:32:25,70.689
1759411955.375945,08:32:35,70.814
1759411965.442463,08:32:45,70.841
1759411975.509725,08:32:55,71.051
1759411985.597594,08:33:05,70.646
1759411995.671331,08:33:15,70.458
1759412005.73758,08:33:25,70.616
1759412015.804087,08:33:35,70.767
1759412025.870468,08:33:45,70.711
1759412035.937173,08:33:55,70.302
1759412046.003616,08:34:06,70.362
1759412056.070475,08:34:16,70.490
1759412066.13692,08:34:26,70.465
1759412076.203492,08:34:36,70.665
1759412086.269751,08:34:46,70.647
1759412096.336363,08:34:56,70.957
1759412106.403065,08:35:06,71.076
1759412116.469761,08:35:16,71.118
1759412126.536032,08:35:26,70.862
1759412136.630743,08:35:36,70.770
1759412146.697058,08:35:46,70.800
1759412156.763567,08:35:56,71.061
1759412166.829887,08:36:06,70.989
1759412176.896003,08:36:16,71.085
1759412186.962799,08:36:26,71.089
1759412197.029703,08:36:37,71.148
1759412207.096555,08:36:47,71.205
1759412217.162878,08:36:57,71.103
1759412227.229419,08:37:07,71.057
1759412237.295897,08:37:17,71.169
1759412247.362855,08:37:27,71.305
1759412257.429604,08:37:37,71.262
1759412267.495834,08:37:47,71.091
1759412277.562595,08:37:57,70.623
1759412287.671121,08:38:07,70.673
1759412297.737822,08:38:17,71.090
1759412307.804412,08:38:27,70.965
1759412317.870638,08:38:37,70.886
1759412327.938082,08:38:47,70.969
1759412338.004661,08:38:58,71.002
1759412348.071022,08:39:08,70.961
1759412358.137924,08:39:18,71.046
1759412368.204569,08:39:28,71.359
1759412378.270998,08:39:38,71.510
1759412388.337814,08:39:48,71.577
1759412398.404745,08:39:58,71.456
1759412408.470951,08:40:08,71.556
1759412418.537979,08:40:18,71.683
1759412428.604473,08:40:28,71.519
1759412438.698892,08:40:38,71.369
1759412448.765526,08:40:48,71.335
1759412458.831665,08:40:58,71.133
1759412468.898865,08:41:08,70.836
1759412478.965417,08:41:18,70.562
1759412489.031971,08:41:29,70.825
1759412499.098507,08:41:39,70.877
1759412509.165414,08:41:49,70.565
1759412519.231854,08:41:59,70.399
1759412529.298339,08:42:09,70.599
1759412539.365243,08:42:19,70.656
1759412549.431455,08:42:29,70.999
1759412559.497976,08:42:39,71.026
1759412569.564254,08:42:49,71.197
1759412579.662125,08:42:59,71.253
1759412589.736692,08:43:09,71.350
1759412599.803343,08:43:19,71.440
1759412609.869638,08:43:29,71.415
1759412619.936163,08:43:39,71.370
1759412630.002635,08:43:50,71.408
1759412640.06882,08:44:00,71.869
1759412650.135532,08:44:10,72.328
1759412660.202001,08:44:20,72.342
1759412670.26871,08:44:30,72.664
1759412680.335122,08:44:40,73.574
1759412690.401887,08:44:50,73.957
1759412700.468496,08:45:00,74.243
1759412710.535,08:45:10,74.462
1759412720.601132,08:45:20,75.204
1759412730.704979,08:45:30,75.607
1759412740.771182,08:45:40,76.005
1759412750.837652,08:45:50,75.815
1759412760.904304,08:46:00,75.707
1759412770.970545,08:46:10,75.974
1759412781.036796,08:46:21,76.136
1759412791.103382,08:46:31,76.145
1759412801.1699,08:46:41,76.564
1759412811.236987,08:46:51,76.709
1759412821.303373,08:47:01,76.789
1759412831.369667,08:47:11,76.981
1759412841.436638,08:47:21,77.474
1759412851.503402,08:47:31,77.351
1759412861.569456,08:47:41,77.544
1759412871.636344,08:47:51,77.677
1759412881.727473,08:48:01,77.665
1759412891.793802,08:48:11,77.900
1759412901.859836,08:48:21,78.035
1759412911.926163,08:48:31,78.322
1759412921.99269,08:48:41,78.249
1759412932.058872,08:48:52,77.848
1759412942.125273,08:49:02,77.557
1759412952.191739,08:49:12,77.602
1759412962.25851,08:49:22,77.750
1759412972.324704,08:49:32,78.085
1759412982.391368,08:49:42,78.215
1759412992.457613,08:49:52,78.542
1759413002.524467,08:50:02,78.470
1759413012.590658,08:50:12,78.414
1759413022.672882,08:50:22,78.275
1759413032.755704,08:50:32,78.379
1759413042.82172,08:50:42,78.161
1759413052.888421,08:50:52,77.950
1759413062.954226,08:51:02,77.985
1759413073.020384,08:51:13,77.819
1759413083.086916,08:51:23,77.791
1759413093.153016,08:51:33,77.484
1759413103.219198,08:51:43,77.381
1759413113.285652,08:51:53,77.530
1759413123.352527,08:52:03,77.444
1759413133.419093,08:52:13,77.391
1759413143.485731,08:52:23,77.417
1759413153.552038,08:52:33,77.285
1759413163.61858,08:52:43,77.225
1759413173.685408,08:52:53,76.987
1759413183.773732,08:53:03,76.807
1759413193.840107,08:53:13,76.807
1759413203.906426,08:53:23,76.492
1759413213.972838,08:53:33,76.634
1759413224.039174,08:53:44,76.671
1759413234.10596,08:53:54,76.771
1759413244.172393,08:54:04,76.884
1759413254.238822,08:54:14,76.838
1759413264.305508,08:54:24,76.952
1759413274.372068,08:54:34,77.100
1759413284.438543,08:54:44,77.097
1759413294.505194,08:54:54,77.137
1759413304.571703,08:55:04,77.300
1759413314.637947,08:55:14,77.199
1759413324.704485,08:55:24,77.266
1759413334.796221,08:55:34,77.181
1759413344.862669,08:55:44,77.250
1759413354.928775,08:55:54,77.109
1759413365.005956,08:56:05,77.114
1759413375.072196,08:56:15,77.037
1759413385.138745,08:56:25,77.068
1759413395.208132,08:56:35,76.970
1759413405.274458,08:56:45,76.719
1759413415.340997,08:56:55,76.550
1759413425.416291,08:57:05,76.679
1759413435.482616,08:57:15,76.920
1759413445.548656,08:57:25,77.006
1759413455.625402,08:57:35,77.035
1759413465.691961,08:57:45,76.929
1759413475.789138,08:57:55,76.799
1759413485.863445,08:58:05,76.990
1759413495.92964,08:58:15,77.157
1759413505.996649,08:58:25,77.317
1759413516.069678,08:58:36,77.323
1759413526.135962,08:58:46,77.141
1759413536.203008,08:58:56,77.205
1759413546.276376,08:59:06,77.364
1759413556.343156,08:59:16,77.357
1759413566.409841,08:59:26,77.092
1759413576.483482,08:59:36,76.625
1759413586.550217,08:59:46,76.598
1759413596.616761,08:59:56,76.390
1759413606.689884,09:00:06,76.202
1759413616.767146,09:00:16,76.332
1759413626.850117,09:00:26,76.165
1759413636.920469,09:00:36,76.335
1759413646.987499,09:00:46,76.369
1759413657.054059,09:00:57,76.593
1759413667.123581,09:01:07,76.638
1759413677.190335,09:01:17,76.424
1759413687.256905,09:01:27,76.436
1759413697.32907,09:01:37,76.336
1759413707.395757,09:01:47,76.376
1759413717.462391,09:01:57,76.448
1759413727.534904,09:02:07,76.743
1759413737.601638,09:02:17,76.879
1759413747.683132,09:02:27,77.095
1759413757.753813,09:02:37,77.038
1759413767.845584,09:02:47,76.898
1759413777.911968,09:02:57,76.790
1759413787.980549,09:03:07,76.641
1759413798.047514,09:03:18,76.862
1759413808.114111,09:03:28,76.931
1759413818.187597,09:03:38,77.168
1759413828.254138,09:03:48,77.206
1759413838.320714,09:03:58,77.209
1759413848.390276,09:04:08,77.179
1759413858.456731,09:04:18,77.060
1759413868.523369,09:04:28,77.015
1759413878.595855,09:04:38,76.799
1759413888.672387,09:04:48,76.771
1759413898.738764,09:04:58,77.110
1759413908.835136,09:05:08,77.028
1759413918.901467,09:05:18,77.115
1759413928.96767,09:05:28,76.927
1759413939.037319,09:05:39,76.780
1759413949.103637,09:05:49,76.693
1759413959.16991,09:05:59,76.925
1759413969.241341,09:06:09,76.835
1759413979.307758,09:06:19,76.929
1759413989.374171,09:06:29,76.934
1759413999.445512,09:06:39,77.117
1759414009.512777,09:06:49,77.112
1759414019.578936,09:06:59,76.948
1759414029.652782,09:07:09,76.812
1759414039.719393,09:07:19,76.769
1759414049.78582,09:07:29,76.705
1759414059.881528,09:07:39,76.487
1759414069.947919,09:07:49,76.356
1759414080.0144,09:08:00,76.132
1759414090.086124,09:08:10,75.930
1759414100.152542,09:08:20,75.864
1759414110.219707,09:08:30,75.837
1759414120.29076,09:08:40,75.632
1759414130.357252,09:08:50,75.669
1759414140.423581,09:09:00,75.698
1759414150.495551,09:09:10,75.907
1759414160.562146,09:09:20,75.975
1759414170.62833,09:09:30,76.115
1759414180.696914,09:09:40,76.221
1759414190.763169,09:09:50,76.373
1759414200.844088,09:10:00,76.118
1759414210.927115,09:10:10,76.014
1759414220.993697,09:10:20,75.901
1759414231.059876,09:10:31,75.776
1759414241.130566,09:10:41,75.666
1759414251.197909,09:10:51,75.744
1759414261.264705,09:11:01,75.740
1759414271.335344,09:11:11,75.824
1759414281.402204,09:11:21,76.116
1759414291.468795,09:11:31,76.174
1759414301.537555,09:11:41,76.128
1759414311.604778,09:11:51,76.162
1759414321.684244,09:12:01,75.987
1759414331.760821,09:12:11,75.784
1759414341.827822,09:12:21,75.745
1759414351.910237,09:12:31,75.753
1759414361.979259,09:12:41,75.783
1759414372.046073,09:12:52,75.622
1759414382.112461,09:13:02,75.354
1759414392.184931,09:13:12,75.305
1759414402.251748,09:13:22,75.372
1759414412.318339,09:13:32,75.659
1759414422.388314,09:13:42,75.562
1759414432.454773,09:13:52,75.637
1759414442.520833,09:14:02,75.762
1759414452.58958,09:14:12,75.989
1759414462.656011,09:14:22,76.229
1759414472.722233,09:14:32,76.349
1759414482.792065,09:14:42,76.345
1759414492.85834,09:14:52,76.269
1759414502.94334,09:15:02,76.172
1759414513.012913,09:15:13,76.085
1759414523.079183,09:15:23,76.114
1759414533.145649,09:15:33,76.183
1759414543.21692,09:15:43,76.318
1759414553.283303,09:15:53,76.282
1759414563.349794,09:16:03,76.348
1759414573.424207,09:16:13,76.300
1759414583.490576,09:16:23,76.217
1759414593.556981,09:16:33,76.213
1759414603.62565,09:16:43,76.103
1759414613.696598,09:16:53,76.035
1759414623.763142,09:17:03,76.261
1759414633.835985,09:17:13,76.456
1759414643.926139,09:17:23,76.331
1759414653.992702,09:17:33,76.292
1759414664.066774,09:17:44,76.183
1759414674.133087,09:17:54,76.169
1759414684.199293,09:18:04,76.221
1759414694.273456,09:18:14,76.054
1759414704.339941,09:18:24,76.221
1759414714.406492,09:18:34,76.071
1759414724.477998,09:18:44,75.926
1759414734.544481,09:18:54,75.923
1759414744.611226,09:19:04,75.803
1759414754.698896,09:19:14,75.677
1759414764.765679,09:19:24,75.474
1759414774.832494,09:19:34,75.781
1759414784.903861,09:19:44,76.077
1759414794.990658,09:19:54,76.244
1759414805.057094,09:20:05,76.260
1759414815.130357,09:20:15,76.520
1759414825.196602,09:20:25,76.646
1759414835.262797,09:20:35,76.645
1759414845.332513,09:20:45,76.817
1759414855.398796,09:20:55,76.730
1759414865.465925,09:21:05,76.395
1759414875.541435,09:21:15,76.374
1759414885.607728,09:21:25,76.373
1759414895.682083,09:21:35,76.263
1759414905.750939,09:21:45,76.437
1759414915.817339,09:21:55,76.580
1759414925.883195,09:22:05,76.583
1759414935.985654,09:22:15,76.576
1759414946.051911,09:22:26,76.864
1759414956.11853,09:22:36,76.659
1759414966.190243,09:22:46,76.546
1759414976.256776,09:22:56,76.365
1759414986.32356,09:23:06,76.149
1759414996.399845,09:23:16,76.235
1759415006.466535,09:23:26,76.075
1759415016.53274,09:23:36,76.182
1759415026.607966,09:23:46,75.961
1759415036.683524,09:23:56,75.651
1759415046.749862,09:24:06,75.552
1759415056.82479,09:24:16,75.539
1759415066.891204,09:24:26,75.652
1759415076.984319,09:24:36,75.867
1759415087.058822,09:24:47,76.202
1759415097.125025,09:24:57,76.581
1759415107.192028,09:25:07,76.508
1759415117.261098,09:25:17,76.369
1759415127.328004,09:25:27,76.355
1759415137.395396,09:25:37,76.457
1759415147.46501,09:25:47,76.691
1759415157.531919,09:25:57,76.687
1759415167.598256,09:26:07,76.666
1759415177.671166,09:26:17,76.318
1759415187.738062,09:26:27,76.212
1759415197.804465,09:26:37,76.031
1759415207.875388,09:26:47,75.922
1759415217.941679,09:26:57,76.175
1759415228.023791,09:27:08,76.367
1759415238.093209,09:27:18,76.076
1759415248.159543,09:27:28,76.070
1759415258.225824,09:27:38,76.002
1759415268.302048,09:27:48,75.898
1759415278.368313,09:27:58,76.182
1759415288.434649,09:28:08,76.342
1759415298.50612,09:28:18,76.357
1759415308.572609,09:28:28,76.456
1759415318.63945,09:28:38,76.595
1759415328.712378,09:28:48,76.594
1759415338.778672,09:28:58,76.680
1759415348.845511,09:29:08,76.445
1759415358.916338,09:29:18,76.381
1759415368.988825,09:29:28,76.266
1759415379.079148,09:29:39,76.172
1759415389.148699,09:29:49,76.321
1759415399.215153,09:29:59,76.286
1759415409.281859,09:30:09,76.315
1759415419.354158,09:30:19,76.461
1759415429.420446,09:30:29,76.346
1759415439.487334,09:30:39,76.232
1759415449.561545,09:30:49,76.254
1759415459.628132,09:30:59,76.332
1759415469.707632,09:31:09,76.414
1759415479.778431,09:31:19,76.396
1759415489.845123,09:31:29,76.559
1759415499.911999,09:31:39,76.354
1759415509.984152,09:31:49,76.337
1759415520.071258,09:32:00,76.330
1759415530.138074,09:32:10,76.270
1759415540.208494,09:32:20,76.267
1759415550.27538,09:32:30,76.232
1759415560.341748,09:32:40,76.220
1759415570.412201,09:32:50,76.180
1759415580.479176,09:33:00,76.066
1759415590.545583,09:33:10,76.138
1759415600.616693,09:33:20,76.081
1759415610.687598,09:33:30,75.989
1759415620.753857,09:33:40,75.625
1759415630.832931,09:33:50,75.861
1759415640.899256,09:34:00,75.981
1759415650.966358,09:34:10,75.983
1759415661.060491,09:34:21,75.822
1759415671.126739,09:34:31,75.706
1759415681.193387,09:34:41,75.746
1759415691.26567,09:34:51,75.716
1759415701.331945,09:35:01,75.556
1759415711.398577,09:35:11,75.448
1759415721.468963,09:35:21,75.473
1759415731.535189,09:35:31,75.121
1759415741.601764,09:35:41,75.212
1759415751.670417,09:35:51,75.463
1759415761.73661,09:36:01,75.318
1759415771.803029,09:36:11,74.989
1759415781.875506,09:36:21,75.011
1759415791.942328,09:36:31,75.249
1759415802.008802,09:36:42,75.307
1759415812.113904,09:36:52,74.967
1759415822.180422,09:37:02,74.941
1759415832.246819,09:37:12,75.162
1759415842.320713,09:37:22,75.058
1759415852.387275,09:37:32,74.992
1759415862.454027,09:37:42,75.172
1759415872.524559,09:37:52,75.410
1759415882.591117,09:38:02,75.266
1759415892.657799,09:38:12,75.169
1759415902.727873,09:38:22,75.007
1759415912.794777,09:38:32,74.761
1759415922.861093,09:38:42,74.340
1759415932.931196,09:38:52,74.226
1759415942.997947,09:39:02,74.490
1759415953.088751,09:39:13,74.527
1759415963.158016,09:39:23,74.718
1759415973.224402,09:39:33,74.944
1759415983.291087,09:39:43,75.005
1759415993.361335,09:39:53,74.952
1759416003.427683,09:40:03,75.029
1759416013.494012,09:40:13,74.920
1759416023.564519,09:40:23,74.751
1759416033.631211,09:40:33,74.829
1759416043.713045,09:40:43,74.622
1759416053.788023,09:40:53,74.754
1759416063.854622,09:41:03,74.955
1759416073.920785,09:41:13,74.868
1759416083.993096,09:41:23,74.732
1759416094.059252,09:41:34,74.710
1759416104.142079,09:41:44,74.719
1759416114.211726,09:41:54,74.757
1759416124.278442,09:42:04,74.724
1759416134.344815,09:42:14,74.588
1759416144.414128,09:42:24,74.632
1759416154.480604,09:42:34,74.633
1759416164.547268,09:42:44,74.541
1759416174.617539,09:42:54,74.864
1759416184.684005,09:43:04,74.787
1759416194.750567,09:43:14,74.726
1759416204.819888,09:43:24,74.810
1759416214.88697,09:43:34,74.830
1759416224.953672,09:43:44,74.769
1759416235.027163,09:43:55,74.565
1759416245.101255,09:44:05,74.445
1759416255.188214,09:44:15,74.288
1759416265.265314,09:44:25,74.413
1759416275.331732,09:44:35,74.576
1759416285.398847,09:44:45,74.417
1759416295.472154,09:44:55,74.133
1759416305.538539,09:45:05,73.959
1759416315.605267,09:45:15,74.045
1759416325.676137,09:45:25,74.019
1759416335.742313,09:45:35,74.139
1759416345.80949,09:45:45,74.220
1759416355.881102,09:45:55,74.272
1759416365.947275,09:46:05,73.875
1759416376.014304,09:46:16,73.951
1759416386.091293,09:46:26,74.426
1759416396.172419,09:46:36,74.305
1759416406.239194,09:46:46,74.106
1759416416.307903,09:46:56,74.050
1759416426.374646,09:47:06,74.044
1759416436.440867,09:47:16,74.241
1759416446.515863,09:47:26,74.191
1759416456.582037,09:47:36,73.868
1759416466.649251,09:47:46,73.683
1759416476.727788,09:47:56,73.786
1759416486.794637,09:48:06,73.862
1759416496.861557,09:48:16,73.929
1759416506.93851,09:48:26,74.054
1759416517.004957,09:48:37,74.072
1759416527.071435,09:48:47,74.276
1759416537.156248,09:48:57,74.384
1759416547.226517,09:49:07,74.394
1759416557.292811,09:49:17,74.084
1759416567.363307,09:49:27,74.150
1759416577.430143,09:49:37,74.228
1759416587.496351,09:49:47,73.931
1759416597.569777,09:49:57,73.932
1759416607.636407,09:50:07,73.812
1759416617.717423,09:50:17,73.649
1759416627.786556,09:50:27,73.686
1759416637.852792,09:50:37,73.987
1759416647.919023,09:50:47,74.006
1759416657.989751,09:50:57,73.836
1759416668.056305,09:51:08,74.065
1759416678.122868,09:51:18,74.446
1759416688.215246,09:51:28,74.417
1759416698.282361,09:51:38,74.236
1759416708.348895,09:51:48,74.289
1759416718.422312,09:51:58,74.306
1759416728.489092,09:52:08,74.085
1759416738.555383,09:52:18,73.994
1759416748.62833,09:52:28,73.919
1759416758.69776,09:52:38,73.950
1759416768.764325,09:52:48,73.962
1759416778.839674,09:52:58,74.157
1759416788.906186,09:53:08,74.362
1759416798.972532,09:53:18,74.329
1759416809.046519,09:53:29,74.279
1759416819.11313,09:53:39,74.290
1759416829.205836,09:53:49,74.354
1759416839.281059,09:53:59,74.145
1759416849.347462,09:54:09,74.121
1759416859.413673,09:54:19,74.153
1759416869.4839,09:54:29,74.157
1759416879.550468,09:54:39,74.261
1759416889.617033,09:54:49,74.222
1759416899.68665,09:54:59,74.010
1759416909.753104,09:55:09,73.517
1759416919.819563,09:55:19,73.372
1759416929.891669,09:55:29,73.414
1759416939.958046,09:55:39,73.614
1759416950.024571,09:55:50,73.665
1759416960.099258,09:56:00,74.045
1759416970.165879,09:56:10,74.043
1759416980.247216,09:56:20,73.789
1759416990.317631,09:56:30,73.694
1759417000.383936,09:56:40,73.523
1759417010.450079,09:56:50,73.769
1759417020.524617,09:57:00,73.558
1759417030.590902,09:57:10,73.676
1759417040.657179,09:57:20,73.620
1759417050.740446,09:57:30,73.674
1759417060.806956,09:57:40,73.802
1759417070.873752,09:57:50,73.619
1759417080.948693,09:58:00,73.492
1759417091.01504,09:58:11,73.405
1759417101.081561,09:58:21,73.438
1759417111.154748,09:58:31,73.374
1759417121.246845,09:58:41,73.403
1759417131.314009,09:58:51,73.416
1759417141.384637,09:59:01,73.330
1759417151.451032,09:59:11,73.342
1759417161.517416,09:59:21,73.495
1759417171.586672,09:59:31,73.313
1759417181.652905,09:59:41,73.204
1759417191.732356,09:59:51,73.282
1759417201.801187,10:00:01,73.376
1759417211.867496,10:00:11,73.392
1759417221.934272,10:00:21,73.447
1759417232.008367,10:00:32,73.035
1759417242.07488,10:00:42,73.036
1759417252.141482,10:00:52,73.124
1759417262.210534,10:01:02,73.199
1759417272.303107,10:01:12,73.146
1759417282.369665,10:01:22,73.364
1759417292.445915,10:01:32,73.238
1759417302.512235,10:01:42,73.508
1759417312.578546,10:01:52,73.625
1759417322.650502,10:02:02,73.566
1759417332.733494,10:02:12,73.226
1759417342.799969,10:02:22,73.241
1759417352.868901,10:02:32,73.157
1759417362.935351,10:02:42,73.226
1759417373.001512,10:02:53,73.147
1759417383.070921,10:03:03,73.258
1759417393.137888,10:03:13,73.238
1759417403.205198,10:03:23,73.240
1759417413.302753,10:03:33,73.049
1759417423.369254,10:03:43,73.093
1759417433.435674,10:03:53,72.982
1759417443.507884,10:04:03,73.050
1759417453.574413,10:04:13,73.000
1759417463.641089,10:04:23,72.963
1759417473.715967,10:04:33,72.960
1759417483.782262,10:04:43,72.854
1759417493.848822,10:04:53,73.106
1759417503.919581,10:05:03,73.077
1759417513.98604,10:05:13,73.013
1759417524.053075,10:05:24,72.769
1759417534.126635,10:05:34,72.851
1759417544.192769,10:05:44,72.926
1759417554.259579,10:05:54,72.986
1759417564.346269,10:06:04,72.680
1759417574.412683,10:06:14,72.591
1759417584.479516,10:06:24,72.498
1759417594.550916,10:06:34,72.445
1759417604.617081,10:06:44,72.355
1759417614.683979,10:06:54,72.151
1759417624.755965,10:07:04,72.101
1759417634.822491,10:07:14,71.829
1759417644.889373,10:07:24,71.779
1759417654.960486,10:07:34,71.844
1759417665.027001,10:07:45,71.985
1759417675.093838,10:07:55,72.224
1759417685.163091,10:08:05,72.316
1759417695.229376,10:08:15,72.137
1759417705.29618,10:08:25,72.268
1759417715.384795,10:08:35,72.320
1759417725.450905,10:08:45,72.513
1759417735.517861,10:08:55,72.659
1759417745.586805,10:09:05,72.623
1759417755.653171,10:09:15,72.349
1759417765.733935,10:09:25,72.397
1759417775.803597,10:09:35,72.610
1759417785.870152,10:09:45,72.402
1759417795.936662,10:09:55,72.379
1759417806.010387,10:10:06,72.146
1759417816.077184,10:10:16,72.089
1759417826.143624,10:10:26,72.075
1759417836.217183,10:10:36,72.143
1759417846.284102,10:10:46,72.287
1759417856.378571,10:10:56,72.420
1759417866.453994,10:11:06,72.586
1759417876.520239,10:11:16,72.586
1759417886.586672,10:11:26,72.591
1759417896.65733,10:11:36,72.693
1759417906.741792,10:11:46,72.613
1759417916.808545,10:11:56,72.536
1759417926.877746,10:12:06,72.351
1759417936.943995,10:12:16,72.207
1759417947.010253,10:12:27,72.388
1759417957.076692,10:12:37,72.385
1759417967.143188,10:12:47,72.445
1759417977.210201,10:12:57,72.280
1759417987.281044,10:13:07,72.428
1759417997.361533,10:13:17,72.445
1759418007.442734,10:13:27,72.594
1759418017.517958,10:13:37,72.551
1759418027.584432,10:13:47,72.356
1759418037.650613,10:13:57,72.049
1759418047.732468,10:14:07,72.020
1759418057.798729,10:14:17,71.837
1759418067.865058,10:14:27,72.104
1759418077.939017,10:14:37,71.855
1759418088.005303,10:14:48,71.747
1759418098.071599,10:14:58,71.913
1759418108.147244,10:15:08,71.964
1759418118.213704,10:15:18,72.106
1759418128.279919,10:15:28,72.120
1759418138.35506,10:15:38,72.241
1759418148.437879,10:15:48,72.300
1759418158.504714,10:15:58,72.336
1759418168.573751,10:16:08,72.340
1759418178.640152,10:16:18,72.325
1759418188.706332,10:16:28,72.265
1759418198.778767,10:16:38,72.153
1759418208.845873,10:16:48,72.294
1759418218.912349,10:16:58,72.183
1759418228.985066,10:17:08,72.227
1759418239.052024,10:17:19,72.291
1759418249.118309,10:17:29,72.493
1759418259.191089,10:17:39,72.483
1759418269.257164,10:17:49,72.307
1759418279.323697,10:17:59,72.112
1759418289.408846,10:18:09,72.145
1759418299.483308,10:18:19,72.139
1759418309.550016,10:18:29,72.378
1759418319.625528,10:18:39,72.311
1759418329.691584,10:18:49,72.320
1759418339.758341,10:18:59,72.465
1759418349.829317,10:19:09,72.497
1759418359.895555,10:19:19,72.423
1759418369.961916,10:19:29,72.393
1759418380.038312,10:19:40,72.134
1759418390.10493,10:19:50,72.015
1759418400.171375,10:20:00,72.087
1759418410.243272,10:20:10,72.166
1759418420.309537,10:20:20,72.260
1759418430.375931,10:20:30,72.231
1759418440.476539,10:20:40,72.210
1759418450.543238,10:20:50,72.029
1759418460.609507,10:21:00,72.010
1759418470.678338,10:21:10,71.852
1759418480.750742,10:21:20,71.682
1759418490.817047,10:21:30,71.523
1759418500.88601,10:21:40,71.389
1759418510.952731,10:21:50,71.536
1759418521.019449,10:22:01,71.416
1759418531.092117,10:22:11,71.446
1759418541.158009,10:22:21,71.689
1759418551.224512,10:22:31,71.759
1759418561.296183,10:22:41,71.764
1759418571.363209,10:22:51,71.836
1759418581.4567,10:23:01,71.617
1759418591.526302,10:23:11,71.625
1759418601.592687,10:23:21,71.552
1759418611.659467,10:23:31,71.435
1759418621.740712,10:23:41,71.379
1759418631.807787,10:23:51,71.172
1759418641.874016,10:24:01,71.385
1759418651.944337,10:24:11,71.192
1759418662.011204,10:24:22,71.004
1759418672.077637,10:24:32,70.822
1759418682.14657,10:24:42,70.788
1759418692.213645,10:24:52,71.056
1759418702.27958,10:25:02,71.274
1759418712.353369,10:25:12,71.347
1759418722.419869,10:25:22,71.780
1759418732.509031,10:25:32,71.774
1759418742.580321,10:25:42,71.988
1759418752.647079,10:25:52,72.001
1759418762.713797,10:26:02,72.125
1759418772.787302,10:26:12,72.155
1759418782.853527,10:26:22,72.163
1759418792.928381,10:26:32,72.223
1759418802.999068,10:26:42,72.033
1759418813.065447,10:26:53,71.791
1759418823.131645,10:27:03,71.633
1759418833.200614,10:27:13,71.801
1759418843.267048,10:27:23,71.864
1759418853.333648,10:27:33,71.552
1759418863.402369,10:27:43,71.407
1759418873.491952,10:27:53,71.100
1759418883.558518,10:28:03,70.880
1759418893.633967,10:28:13,70.890
1759418903.700861,10:28:23,70.944
1759418913.767047,10:28:33,70.746
1759418923.838519,10:28:43,70.505
1759418933.905251,10:28:53,70.667
1759418943.971702,10:29:03,70.322
1759418954.041909,10:29:14,70.324
1759418964.108406,10:29:24,70.324
1759418974.174768,10:29:34,70.337
1759418984.244225,10:29:44,70.541
1759418994.310436,10:29:54,70.478
1759419004.376804,10:30:04,70.693
1759419014.451807,10:30:14,70.733
1759419024.539247,10:30:24,70.803
1759419034.606405,10:30:34,71.010
1759419044.677738,10:30:44,70.973
1759419054.759309,10:30:54,71.025
1759419064.825808,10:31:04,71.390
1759419074.894521,10:31:14,71.212
1759419084.961575,10:31:24,71.214
1759419095.028383,10:31:35,71.227
1759419105.101253,10:31:45,71.277
1759419115.168145,10:31:55,71.437
1759419125.23487,10:32:05,71.414
1759419135.308119,10:32:15,71.245
1759419145.374979,10:32:25,71.147
1759419155.441362,10:32:35,71.000
1759419165.53704,10:32:45,70.783
1759419175.603745,10:32:55,70.807
1759419185.670559,10:33:05,70.807
1759419195.751558,10:33:15,70.755
1759419205.818359,10:33:25,70.589
1759419215.88486,10:33:35,70.595
1759419225.958804,10:33:45,70.494
1759419236.025639,10:33:56,70.701
1759419246.09236,10:34:06,70.665
1759419256.16546,10:34:16,70.667
1759419266.23177,10:34:26,70.664
1759419276.298272,10:34:36,70.764
1759419286.369712,10:34:46,70.818
1759419296.435946,10:34:56,70.903
1759419306.50234,10:35:06,70.951
1759419316.592927,10:35:16,71.009
1759419326.660058,10:35:26,71.187
1759419336.726552,10:35:36,71.351
1759419346.795821,10:35:46,71.278
1759419356.86198,10:35:56,71.320
1759419366.928687,10:36:06,71.243
1759419377.002501,10:36:17,71.338
1759419387.068649,10:36:27,71.401
1759419397.135221,10:36:37,71.486
1759419407.209755,10:36:47,71.339
1759419417.276207,10:36:57,71.313
1759419427.342352,10:37:07,71.350
1759419437.415812,10:37:17,71.295
1759419447.482275,10:37:27,71.399
1759419457.580966,10:37:37,71.430
1759419467.652561,10:37:47,71.469
1759419477.719645,10:37:57,71.235
1759419487.785973,10:38:07,70.987
1759419497.859521,10:38:17,70.744
1759419507.926642,10:38:27,70.716
1759419517.992904,10:38:37,70.874
1759419528.062314,10:38:48,71.136
1759419538.128832,10:38:58,71.173
1759419548.195084,10:39:08,71.137
1759419558.264768,10:39:18,70.882
1759419568.331213,10:39:28,70.749
1759419578.397918,10:39:38,70.692
1759419588.469578,10:39:48,70.630
1759419598.535644,10:39:58,70.625
1759419608.617458,10:40:08,70.635
1759419618.686974,10:40:18,70.915
1759419628.767714,10:40:28,70.864
1759419638.834919,10:40:38,70.833
1759419648.905888,10:40:48,70.894
1759419658.972085,10:40:58,70.892
1759419669.038784,10:41:09,70.993
1759419679.10984,10:41:19,71.027
1759419689.176169,10:41:29,70.870
1759419699.243208,10:41:39,70.938
1759419709.316606,10:41:49,70.903
1759419719.383153,10:41:59,70.635
1759419729.449647,10:42:09,70.705
1759419739.523785,10:42:19,70.665
1759419749.617256,10:42:29,70.760
1759419759.683766,10:42:39,70.750
1759419769.770161,10:42:49,70.466
1759419779.836442,10:42:59,70.282
1759419789.903735,10:43:09,70.355
1759419799.97716,10:43:19,70.355
1759419810.043713,10:43:30,70.561
1759419820.110415,10:43:40,70.711
1759419830.180441,10:43:50,70.277
1759419840.246867,10:44:00,70.328
1759419850.313193,10:44:10,70.635
1759419860.385347,10:44:20,70.903
1759419870.452529,10:44:30,71.202
1759419880.519063,10:44:40,71.382
1759419890.587806,10:44:50,71.055
1759419900.672467,10:45:00,71.077
1759419910.741113,10:45:10,71.408
1759419920.813058,10:45:20,71.264
1759419930.879552,10:45:30,70.972
1759419940.946543,10:45:40,70.852
1759419951.016694,10:45:51,70.501
1759419961.083224,10:46:01,70.273
1759419971.149665,10:46:11,70.541
1759419981.22237,10:46:21,70.372
1759419991.289149,10:46:31,70.423
1759420001.355726,10:46:41,70.433
1759420011.424675,10:46:51,70.607
1759420021.490876,10:47:01,70.684
1759420031.5574,10:47:11,70.615
1759420041.655487,10:47:21,70.528
1759420051.721901,10:47:31,70.348
1759420061.788316,10:47:41,70.166
1759420071.857836,10:47:51,69.929
1759420081.923727,10:48:01,69.757
1759420091.989798,10:48:11,69.749
1759420102.064528,10:48:22,69.945
1759420112.131342,10:48:32,70.128
1759420122.197162,10:48:42,70.331
1759420132.26757,10:48:52,70.533
1759420142.334467,10:49:02,70.579
1759420152.400915,10:49:12,70.626
1759420162.471101,10:49:22,70.435
1759420172.53756,10:49:32,70.637
1759420182.603901,10:49:42,70.432
1759420192.704946,10:49:52,70.431
1759420202.775852,10:50:02,70.571
1759420212.842257,10:50:12,70.704
1759420222.911471,10:50:22,70.779
1759420232.978537,10:50:32,70.922
1759420243.045043,10:50:43,70.887
1759420253.115219,10:50:53,70.752
1759420263.181925,10:51:03,70.906
1759420273.248271,10:51:13,71.077
1759420283.319785,10:51:23,71.289
1759420293.386117,10:51:33,71.133
1759420303.452295,10:51:43,70.643
1759420313.522225,10:51:53,70.456
1759420323.588747,10:52:03,70.691
1759420333.67071,10:52:13,70.539
1759420343.747013,10:52:23,70.513
1759420353.813671,10:52:33,70.663
1759420363.880096,10:52:43,70.848
1759420373.95311,10:52:53,70.944
1759420384.019399,10:53:04,70.805
1759420394.08572,10:53:14,70.792
1759420404.156873,10:53:24,70.877
1759420414.223293,10:53:34,70.766
1759420424.290346,10:53:44,70.871
1759420434.367708,10:53:54,70.957
1759420444.433988,10:54:04,71.031
1759420454.501347,10:54:14,71.275
1759420464.573962,10:54:24,70.874
1759420474.640356,10:54:34,70.840
1759420484.724015,10:54:44,71.011
1759420494.792592,10:54:54,70.918
1759420504.859253,10:55:04,70.686
1759420514.925634,10:55:14,70.724
1759420524.996337,10:55:24,70.767
1759420535.063006,10:55:35,70.740
1759420545.130032,10:55:45,70.621
1759420555.200205,10:55:55,70.245
1759420565.266778,10:56:05,70.300
1759420575.333662,10:56:15,70.577
1759420585.40278,10:56:25,70.568
1759420595.469717,10:56:35,70.551
1759420605.536275,10:56:45,70.559
1759420615.609874,10:56:55,70.671
1759420625.688537,10:57:05,70.767
1759420635.783698,10:57:15,70.828
1759420645.856448,10:57:25,70.828
1759420655.922541,10:57:35,70.900
1759420665.988774,10:57:45,70.955
1759420676.06327,10:57:56,71.034
1759420686.129746,10:58:06,71.041
1759420696.196003,10:58:16,70.714
1759420706.265236,10:58:26,70.799
1759420716.331866,10:58:36,70.996
1759420726.398223,10:58:46,70.841
1759420736.466633,10:58:56,70.791
1759420746.533064,10:59:06,70.929
1759420756.59926,10:59:16,70.888
1759420766.668336,10:59:26,70.883
1759420776.772414,10:59:36,70.674
1759420786.839216,10:59:46,70.649
1759420796.910311,10:59:56,70.992
1759420806.976412,11:00:06,71.064
1759420817.208263,11:00:17,71.147
1759420827.276947,11:00:27,70.923
1759420837.343354,11:00:37,70.802
1759420847.409495,11:00:47,70.685
1759420857.480114,11:00:57,70.643
1759420867.546599,11:01:07,70.836
1759420877.613151,11:01:17,70.822
1759420887.68588,11:01:27,70.941
1759420897.777533,11:01:37,70.757
1759420907.84408,11:01:47,70.674
1759420917.914047,11:01:57,70.366
1759420927.980989,11:02:07,70.368
1759420938.047306,11:02:18,70.428
1759420948.123623,11:02:28,70.276
1759420958.190462,11:02:38,70.056
1759420968.256781,11:02:48,69.787
1759420978.329874,11:02:58,69.690
1759420988.396924,11:03:08,69.915
1759420998.463472,11:03:18,69.889
1759421008.533515,11:03:28,69.904
1759421018.599916,11:03:38,69.757
1759421028.666622,11:03:48,69.449
1759421038.760042,11:03:58,69.456
1759421048.847207,11:04:08,69.641
1759421058.91351,11:04:18,69.416
1759421068.99033,11:04:28,69.566
1759421079.056708,11:04:39,69.826
1759421089.123093,11:04:49,70.001
1759421099.192589,11:04:59,70.118
1759421109.259989,11:05:09,70.396
1759421119.326207,11:05:19,70.339
1759421129.402748,11:05:29,70.300
1759421139.469507,11:05:39,70.090
1759421149.536232,11:05:49,70.006
1759421159.606089,11:05:59,70.115
1759421169.672445,11:06:09,70.249
1759421179.745833,11:06:19,70.280
1759421189.837998,11:06:29,70.141
1759421199.904517,11:06:39,70.229
1759421209.970695,11:06:49,70.103
1759421220.041594,11:07:00,69.937
1759421230.107871,11:07:10,70.003
1759421240.174226,11:07:20,69.817
1759421250.247694,11:07:30,69.748
1759421260.314102,11:07:40,69.825
1759421270.380544,11:07:50,69.933
1759421280.453326,11:08:00,69.743
1759421290.519689,11:08:10,69.795
1759421300.587315,11:08:20,69.863
1759421310.658436,11:08:30,70.071
1759421320.724716,11:08:40,70.137
1759421330.826914,11:08:50,70.138
1759421340.899166,11:09:00,70.360
1759421350.965713,11:09:10,70.446
1759421361.032028,11:09:21,70.573
1759421371.104067,11:09:31,70.583
1759421381.170365,11:09:41,70.313
1759421391.238023,11:09:51,70.037
1759421401.310823,11:10:01,69.964
1759421411.377594,11:10:11,70.105
1759421421.444043,11:10:21,70.142
1759421431.516541,11:10:31,70.207
1759421441.583002,11:10:41,70.098
1759421451.652665,11:10:51,69.963
1759421461.729353,11:11:01,69.963
1759421471.830965,11:11:11,69.894
1759421481.897546,11:11:21,70.113
1759421491.974256,11:11:31,70.090
1759421502.0405,11:11:42,70.105
1759421512.107005,11:11:52,70.219
1759421522.180253,11:12:02,70.235
1759421532.247312,11:12:12,70.408
1759421542.313888,11:12:22,70.308
1759421552.389638,11:12:32,70.131
1759421562.455977,11:12:42,70.159
1759421572.522175,11:12:52,70.153
1759421582.593023,11:13:02,70.296
1759421592.659365,11:13:12,70.551
1759421602.726093,11:13:22,70.461
1759421612.830007,11:13:32,70.523
1759421622.896154,11:13:42,70.547
1759421632.962324,11:13:52,70.575
1759421643.038355,11:14:03,70.367
1759421653.104934,11:14:13,70.240
1759421663.171123,11:14:23,70.470
1759421673.244636,11:14:33,70.577
1759421683.311419,11:14:43,70.510
1759421693.377765,11:14:53,70.593
1759421703.44679,11:15:03,70.592
1759421713.513239,11:15:13,70.567
1759421723.579943,11:15:23,70.430
1759421733.64998,11:15:33,70.386
1759421743.71621,11:15:43,70.199
1759421753.809806,11:15:53,70.141
1759421763.901191,11:16:03,70.405
1759421773.967829,11:16:13,70.536
1759421784.034685,11:16:24,70.407
1759421794.103394,11:16:34,70.206
1759421804.169691,11:16:44,70.206
1759421814.236256,11:16:54,70.111
1759421824.306619,11:17:04,70.143
1759421834.372946,11:17:14,70.163
1759421844.439178,11:17:24,70.305
1759421854.516904,11:17:34,70.475
1759421864.583551,11:17:44,70.583
1759421874.650021,11:17:54,70.638
1759421884.72105,11:18:04,70.754
1759421894.799627,11:18:14,70.738
1759421904.88514,11:18:24,70.683
1759421914.959585,11:18:34,70.646
1759421925.025845,11:18:45,70.659
1759421935.092544,11:18:55,70.515
1759421945.167499,11:19:05,70.541
1759421955.234032,11:19:15,70.681
1759421965.300307,11:19:25,70.645
1759421975.371207,11:19:35,70.602
1759421985.437646,11:19:45,70.550
1759421995.505105,11:19:55,70.475
1759422005.580253,11:20:05,70.354
1759422015.646472,11:20:15,70.317
1759422025.713021,11:20:25,70.522
1759422035.79216,11:20:35,70.541
1759422045.884712,11:20:45,70.481
1759422055.951115,11:20:55,70.405
1759422066.021938,11:21:06,70.564
1759422076.088196,11:21:16,70.459
1759422086.154572,11:21:26,70.559
1759422096.228075,11:21:36,70.738
1759422106.294357,11:21:46,70.811
1759422116.361221,11:21:56,70.878
1759422126.432114,11:22:06,70.753
1759422136.498383,11:22:16,70.605
1759422146.564999,11:22:26,70.374
1759422156.634599,11:22:36,70.787
1759422166.701206,11:22:46,70.649
1759422176.767537,11:22:56,70.842
1759422186.840102,11:23:06,70.799
1759422196.930333,11:23:16,70.774
1759422206.996904,11:23:26,70.778
1759422217.066196,11:23:37,70.848
1759422227.13247,11:23:47,70.841
1759422237.198933,11:23:57,70.756
1759422247.267462,11:24:07,70.816
1759422257.334431,11:24:17,70.911
1759422267.401047,11:24:27,71.039
1759422277.47187,11:24:37,70.684
1759422287.538517,11:24:47,70.684
1759422297.605228,11:24:57,70.671
1759422307.674664,11:25:07,70.607
1759422317.741017,11:25:17,70.635
1759422327.808224,11:25:27,70.559
1759422337.911505,11:25:37,70.487
1759422347.97792,11:25:47,70.622
1759422358.044299,11:25:58,70.413
1759422368.119747,11:26:08,70.311
1759422378.18602,11:26:18,70.109
1759422388.252355,11:26:28,70.099
1759422398.322006,11:26:38,70.183
1759422408.388594,11:26:48,70.146
1759422418.45507,11:26:58,70.182
1759422428.525693,11:27:08,70.093
1759422438.59183,11:27:18,70.237
1759422448.658495,11:27:28,70.274
1759422458.728258,11:27:38,70.378
1759422468.80851,11:27:48,70.254
1759422478.875028,11:27:58,70.352
1759422488.968224,11:28:08,70.198
1759422499.034596,11:28:19,70.355
1759422509.101328,11:28:29,70.285
1759422519.171561,11:28:39,70.120
1759422529.238574,11:28:49,70.218
1759422539.305333,11:28:59,70.256
1759422549.375585,11:29:09,70.332
1759422559.442492,11:29:19,69.932
1759422569.509402,11:29:29,69.815
1759422579.579325,11:29:39,69.767
1759422589.645559,11:29:49,69.864
1759422599.711841,11:29:59,69.875
1759422609.784922,11:30:09,69.767
1759422619.851177,11:30:19,69.779
1759422629.939634,11:30:29,69.764
1759422640.010862,11:30:40,69.862
1759422650.077657,11:30:50,70.098
1759422660.144486,11:31:00,70.225
1759422670.216398,11:31:10,70.111
1759422680.282687,11:31:20,70.187
1759422690.349181,11:31:30,70.239
1759422700.423092,11:31:40,70.210
1759422710.489525,11:31:50,70.268
1759422720.555782,11:32:00,70.092
1759422730.625342,11:32:10,70.052
1759422740.692017,11:32:20,70.147
1759422750.759249,11:32:30,70.319
1759422760.82984,11:32:40,70.181
1759422770.896249,11:32:50,70.381
1759422780.988263,11:33:00,70.406
1759422791.056616,11:33:11,70.535
1759422801.123137,11:33:21,70.456
1759422811.18981,11:33:31,70.280
1759422821.259078,11:33:41,70.085
1759422831.325887,11:33:51,70.119
1759422841.392488,11:34:01,70.143
1759422851.461438,11:34:11,70.242
1759422861.528248,11:34:21,70.146
1759422871.595243,11:34:31,70.186
1759422881.667326,11:34:41,70.370
1759422891.734193,11:34:51,70.424
1759422901.814162,11:35:01,70.418
1759422911.883869,11:35:11,70.416
1759422921.982661,11:35:21,70.448
1759422932.049076,11:35:32,70.448
1759422942.119867,11:35:42,70.753
1759422952.186748,11:35:52,70.961
1759422962.253046,11:36:02,70.693
1759422972.327277,11:36:12,70.809
1759422982.393814,11:36:22,70.943
1759422992.4602,11:36:32,70.944
1759423002.531815,11:36:42,70.849
1759423012.598497,11:36:52,70.949
1759423022.665374,11:37:02,70.842
1759423032.736688,11:37:12,70.945
1759423042.816188,11:37:22,71.107
1759423052.882531,11:37:32,71.072
1759423062.958257,11:37:42,70.767
1759423073.048143,11:37:53,70.764
1759423083.115741,11:38:03,70.703
1759423093.184732,11:38:13,70.858
1759423103.251332,11:38:23,70.779
1759423113.317715,11:38:33,70.858
1759423123.388991,11:38:43,70.853
1759423133.455672,11:38:53,71.102
1759423143.522464,11:39:03,71.106
1759423153.595339,11:39:13,70.896
1759423163.66147,11:39:23,70.723
1759423173.727841,11:39:33,70.819
1759423183.80275,11:39:43,70.934
1759423193.869311,11:39:53,70.693
1759423203.935741,11:40:03,70.602
1759423214.030808,11:40:14,70.627
1759423224.097104,11:40:24,70.653
1759423234.163529,11:40:34,70.729
1759423244.23298,11:40:44,70.860
1759423254.299869,11:40:54,70.722
1759423264.366732,11:41:04,70.722
1759423274.435336,11:41:14,70.522
1759423284.50245,11:41:24,70.339
1759423294.56889,11:41:34,70.212
1759423304.638848,11:41:44,70.325
1759423314.706018,11:41:54,70.411
1759423324.772531,11:42:04,70.342
1759423334.846505,11:42:14,70.154
1759423344.913053,11:42:24,70.253
1759423354.979572,11:42:34,70.164
1759423365.07481,11:42:45,70.231
1759423375.141234,11:42:55,70.206
1759423385.207698,11:43:05,70.166
1759423395.282164,11:43:15,70.160
1759423405.348614,11:43:25,70.108
1759423415.415026,11:43:35,70.027
1759423425.484601,11:43:45,69.748
1759423435.551547,11:43:55,69.754
1759423445.617878,11:44:05,69.998
1759423455.686834,11:44:15,69.981
1759423465.753249,11:44:25,69.719
1759423475.823727,11:44:35,69.633
1759423485.89278,11:44:45,69.719
1759423495.959249,11:44:55,69.790
1759423506.057355,11:45:06,69.697
1759423516.126521,11:45:16,69.409
1759423526.192732,11:45:26,69.563
1759423536.259124,11:45:36,69.299
1759423546.333373,11:45:46,69.401
1759423556.399943,11:45:56,69.311
1759423566.466607,11:46:06,69.247
1759423576.537027,11:46:16,69.323
1759423586.60378,11:46:26,69.280
1759423596.669738,11:46:36,69.182
1759423606.73972,11:46:46,68.990
1759423616.824582,11:46:56,68.586
1759423626.890614,11:47:06,68.571
1759423636.961387,11:47:16,68.588
1759423647.04012,11:47:27,68.584
1759423657.124166,11:47:37,68.664
1759423667.192887,11:47:47,68.598
1759423677.259381,11:47:57,68.647
1759423687.32565,11:48:07,68.936
1759423697.399658,11:48:17,69.096
1759423707.465799,11:48:27,69.324
1759423717.532919,11:48:37,69.174
1759423727.604036,11:48:47,68.977
1759423737.670425,11:48:57,68.754
1759423747.736742,11:49:07,68.323
1759423757.823336,11:49:17,68.474
1759423767.889587,11:49:27,68.824
1759423777.956297,11:49:37,68.537
1759423788.030079,11:49:48,68.602
1759423798.116835,11:49:58,68.691
1759423808.183442,11:50:08,68.877
1759423818.256804,11:50:18,69.020
1759423828.323166,11:50:28,69.231
1759423838.389454,11:50:38,69.300
1759423848.463537,11:50:48,69.294
1759423858.529814,11:50:58,69.422
1759423868.596351,11:51:08,69.341
1759423878.665794,11:51:18,69.135
1759423888.732201,11:51:28,68.880
1759423898.801008,11:51:38,68.799
1759423908.871886,11:51:48,68.694
1759423918.938381,11:51:58,68.629
1759423929.005169,11:52:09,68.608
1759423939.093908,11:52:19,68.709
1759423949.164481,11:52:29,68.793
1759423959.230337,11:52:39,68.776
1759423969.300524,11:52:49,68.996
1759423979.366927,11:52:59,69.083
1759423989.433814,11:53:09,69.297
1759423999.504307,11:53:19,69.310
1759424009.570592,11:53:29,69.280
1759424019.637126,11:53:39,68.976
1759424029.711252,11:53:49,68.567
1759424039.777902,11:53:59,68.389
1759424049.84417,11:54:09,68.298
1759424059.917388,11:54:19,68.215
1759424069.983957,11:54:29,68.521
1759424080.050597,11:54:40,68.672
1759424090.152625,11:54:50,68.401
1759424100.218938,11:55:00,68.043
1759424110.286481,11:55:10,67.988
1759424120.364335,11:55:20,68.039
1759424130.430961,11:55:30,68.272
1759424140.497211,11:55:40,68.523
1759424150.566133,11:55:50,68.732
1759424160.632636,11:56:00,68.870
1759424170.699169,11:56:10,68.964
1759424180.767898,11:56:20,68.969
1759424190.834028,11:56:30,68.900
1759424200.900983,11:56:40,68.797
1759424210.969475,11:56:50,68.338
1759424221.036079,11:57:01,68.245
1759424231.115218,11:57:11,68.113
1759424241.211407,11:57:21,68.214
1759424251.277869,11:57:31,68.263
1759424261.344705,11:57:41,68.247
1759424271.417635,11:57:51,68.580
1759424281.483816,11:58:01,68.841
1759424291.550792,11:58:11,68.644
1759424301.621348,11:58:21,68.585
1759424311.687581,11:58:31,68.412
1759424321.75452,11:58:41,68.121
1759424331.83933,11:58:51,68.245
1759424341.90754,11:59:01,68.584
1759424351.974758,11:59:11,68.729
1759424362.045674,11:59:22,68.750
1759424372.112158,11:59:32,68.883
1759424382.198341,11:59:42,68.756
1759424392.274914,11:59:52,68.961
1759424402.340749,12:00:02,68.975
1759424412.407431,12:00:12,68.759
1759424422.482276,12:00:22,68.368
1759424432.548447,12:00:32,68.043
1759424442.615018,12:00:42,68.189
1759424452.686056,12:00:52,68.143
1759424462.752255,12:01:02,68.435
1759424472.837024,12:01:12,68.483
1759424482.908917,12:01:22,68.491
1759424492.975409,12:01:32,68.458
1759424503.04152,12:01:43,68.596
1759424513.112184,12:01:53,68.641
1759424523.201419,12:02:03,68.846
1759424533.267434,12:02:13,68.927
1759424543.338516,12:02:23,68.860
1759424553.404644,12:02:33,68.519
1759424563.471124,12:02:43,68.301
1759424573.545966,12:02:53,68.200
1759424583.612365,12:03:03,67.897
1759424593.678417,12:03:13,67.868
1759424603.752622,12:03:23,68.079
1759424613.831377,12:03:33,67.979
1759424623.897724,12:03:43,68.138
1759424633.968884,12:03:53,68.166
1759424644.035324,12:04:04,68.185
1759424654.101415,12:04:14,68.359
1759424664.204411,12:04:24,68.129
1759424674.270708,12:04:34,67.933
1759424684.336989,12:04:44,68.157
1759424694.407836,12:04:54,68.476
1759424704.474388,12:05:04,68.516
1759424714.540653,12:05:14,68.624
1759424724.609663,12:05:24,68.763
1759424734.675867,12:05:34,68.873
1759424744.742415,12:05:44,68.892
1759424754.816653,12:05:54,68.730
1759424764.883376,12:06:04,68.479
1759424774.949668,12:06:14,68.405
1759424785.02006,12:06:25,68.250
1759424795.086311,12:06:35,68.080
1759424805.153239,12:06:45,68.227
1759424815.243905,12:06:55,67.663
1759424825.310121,12:07:05,67.654
1759424835.376846,12:07:15,67.578
1759424845.446875,12:07:25,68.002
1759424855.513057,12:07:35,67.985
1759424865.580096,12:07:45,68.211
1759424875.65347,12:07:55,68.152
1759424885.719611,12:08:05,68.342
1759424895.786646,12:08:15,68.503
1759424905.856426,12:08:25,68.800
1759424915.922723,12:08:35,69.133
1759424925.989677,12:08:45,69.079
1759424936.062298,12:08:56,69.113
1759424946.128826,12:09:06,69.052
1759424956.201311,12:09:16,68.952
1759424966.293847,12:09:26,68.920
1759424976.360571,12:09:36,69.076
1759424986.427102,12:09:46,69.034
1759424996.500862,12:09:56,69.020
1759425006.567338,12:10:06,68.953
1759425016.633545,12:10:16,69.093
1759425026.704643,12:10:26,69.097
1759425036.77117,12:10:36,68.990
1759425046.845341,12:10:46,68.829
1759425056.914321,12:10:56,68.575
1759425066.981178,12:11:06,68.499
1759425077.047637,12:11:17,68.380
1759425087.120893,12:11:27,68.486
1759425097.187578,12:11:37,68.462
1759425107.27153,12:11:47,68.664
1759425117.347618,12:11:57,69.070
1759425127.414841,12:12:07,68.903
1759425137.481789,12:12:17,68.726
1759425147.554755,12:12:27,68.738
1759425157.621652,12:12:37,68.674
1759425167.688087,12:12:47,68.613
1759425177.758085,12:12:57,68.659
1759425187.837496,12:13:07,68.503
1759425197.904307,12:13:17,68.335
1759425207.976244,12:13:27,68.278
1759425218.042951,12:13:38,68.327
1759425228.109257,12:13:48,68.412
1759425238.178469,12:13:58,68.412
1759425248.283368,12:14:08,68.423
1759425258.349618,12:14:18,68.489
1759425268.421677,12:14:28,68.415
1759425278.48825,12:14:38,68.432
1759425288.554527,12:14:48,68.203
1759425298.628335,12:14:58,68.428
1759425308.694594,12:15:08,68.609
1759425318.76112,12:15:18,68.637
1759425328.843042,12:15:28,68.417
1759425338.909967,12:15:38,68.487
1759425348.976586,12:15:48,68.479
1759425359.047918,12:15:59,68.083
1759425369.114403,12:16:09,67.970
1759425379.180895,12:16:19,67.664
1759425389.26703,12:16:29,67.766
1759425399.339128,12:16:39,67.700
1759425409.405355,12:16:49,67.577
1759425419.475681,12:16:59,67.823
1759425429.542263,12:17:09,67.904
1759425439.609219,12:17:19,68.105
1759425449.678018,12:17:29,68.278
1759425459.74452,12:17:39,68.618
1759425469.810754,12:17:49,68.849
1759425479.881199,12:17:59,68.932
1759425489.947738,12:18:09,69.061
1759425500.01406,12:18:20,69.164
1759425510.085799,12:18:30,69.340
1759425520.152257,12:18:40,69.441
1759425530.218357,12:18:50,69.539
1759425540.330469,12:19:00,69.625
1759425550.396253,12:19:10,69.874
1759425560.462553,12:19:20,69.592
1759425570.53386,12:19:30,69.654
1759425580.600322,12:19:40,69.628
1759425590.666849,12:19:50,69.578
1759425600.743414,12:20:00,69.313
1759425610.80971,12:20:10,68.921
1759425620.876362,12:20:20,68.693
1759425630.953382,12:20:30,68.782
1759425641.019625,12:20:41,68.460
1759425651.085738,12:20:51,68.401
1759425661.158233,12:21:01,68.396
1759425671.224513,12:21:11,68.271
1759425681.310494,12:21:21,68.254
1759425691.383253,12:21:31,68.187
1759425701.449864,12:21:41,68.030
1759425711.516873,12:21:51,68.273
1759425721.591067,12:22:01,68.456
1759425731.657274,12:22:11,68.470
1759425741.723902,12:22:21,68.604
1759425751.79449,12:22:31,68.899
1759425761.861101,12:22:41,68.761
1759425771.92786,12:22:51,68.941
1759425781.996439,12:23:01,68.822
1759425792.06334,12:23:12,68.949
1759425802.129731,12:23:22,68.947
1759425812.201476,12:23:32,68.726
1759425822.267921,12:23:42,68.582
1759425832.361341,12:23:52,68.593
1759425842.429934,12:24:02,68.917
1759425852.496525,12:24:12,68.718
1759425862.562962,12:24:22,68.494
1759425872.634521,12:24:32,68.416
1759425882.701633,12:24:42,68.541
1759425892.767889,12:24:52,68.481
1759425902.853792,12:25:02,68.269
1759425912.920121,12:25:12,68.575
1759425922.986114,12:25:22,68.613
1759425933.06005,12:25:33,68.321
1759425943.127,12:25:43,68.439
1759425953.193142,12:25:53,68.552
1759425963.267119,12:26:03,68.611
1759425973.360565,12:26:13,68.276
1759425983.426796,12:26:23,68.391
1759425993.497873,12:26:33,68.686
1759426003.564403,12:26:43,68.884
1759426013.630947,12:26:53,68.842
1759426023.700958,12:27:03,68.698
1759426033.767361,12:27:13,68.666
1759426043.845694,12:27:23,68.668
1759426053.917823,12:27:33,68.668
1759426063.984581,12:27:43,68.736
1759426074.051009,12:27:54,68.684
1759426084.12393,12:28:04,68.819
1759426094.189934,12:28:14,68.896
1759426104.25642,12:28:24,68.893
1759426114.326738,12:28:34,68.985
1759426124.412624,12:28:44,68.535
1759426134.478733,12:28:54,68.266
1759426144.548269,12:29:04,68.653
1759426154.614747,12:29:14,68.667
1759426164.681132,12:29:24,68.565
1759426174.751693,12:29:34,68.620
1759426184.817879,12:29:44,68.708
1759426194.884319,12:29:54,68.626
1759426204.953214,12:30:04,68.818
1759426215.019901,12:30:15,68.673
1759426225.08615,12:30:25,68.606
1759426235.158361,12:30:35,68.580
1759426245.224822,12:30:45,68.647
1759426255.29096,12:30:55,68.750
1759426265.36523,12:31:05,68.542
1759426275.453717,12:31:15,68.391
1759426285.520151,12:31:25,68.333
1759426295.590087,12:31:35,67.849
1759426305.656602,12:31:45,67.728
1759426315.723154,12:31:55,67.623
1759426325.793682,12:32:05,67.357
1759426335.862898,12:32:15,67.325
1759426345.929368,12:32:25,67.783
1759426355.99838,12:32:35,67.745
1759426366.065355,12:32:46,67.699
1759426376.132636,12:32:56,67.980
1759426386.20177,12:33:06,67.908
1759426396.26832,12:33:16,67.882
1759426406.334939,12:33:26,68.060
1759426416.448537,12:33:36,67.777
1759426426.515633,12:33:46,67.749
1759426436.582358,12:33:56,67.395
1759426446.654976,12:34:06,67.416
1759426456.721829,12:34:16,67.403
1759426466.788167,12:34:26,67.555
1759426476.872121,12:34:36,67.778
1759426486.938706,12:34:46,67.988
1759426497.005218,12:34:57,68.193
1759426507.078301,12:35:07,67.965
1759426517.145128,12:35:17,68.180
1759426527.212153,12:35:27,68.213
1759426537.281005,12:35:37,68.133
1759426547.347876,12:35:47,67.924
1759426557.435542,12:35:57,67.902
1759426567.510331,12:36:07,67.854
1759426577.576538,12:36:17,67.805
1759426587.643049,12:36:27,67.686
1759426597.714641,12:36:37,67.816
1759426607.781109,12:36:47,67.975
1759426617.860805,12:36:57,68.101
1759426627.932306,12:37:07,68.014
1759426637.998788,12:37:17,67.895
1759426648.065125,12:37:28,67.685
1759426658.13598,12:37:38,67.697
1759426668.202498,12:37:48,67.729
1759426678.268925,12:37:58,67.638
1759426688.339159,12:38:08,67.621
1759426698.405335,12:38:18,68.047
1759426708.48729,12:38:28,68.027
1759426718.556731,12:38:38,68.068
1759426728.623426,12:38:48,68.000
1759426738.689972,12:38:58,68.133
1759426748.763694,12:39:08,67.979
1759426758.830144,12:39:18,67.962
1759426768.89712,12:39:28,67.826
1759426778.969738,12:39:38,67.767
1759426789.036905,12:39:49,67.884
1759426799.10365,12:39:59,67.912
1759426809.176661,12:40:09,67.938
1759426819.243176,12:40:19,68.299
1759426829.311708,12:40:29,68.280
1759426839.380315,12:40:39,68.196
1759426849.467473,12:40:49,68.179
1759426859.534037,12:40:59,68.128
1759426869.605006,12:41:09,68.344
1759426879.671588,12:41:19,68.034
1759426889.737778,12:41:29,68.175
1759426899.806809,12:41:39,68.232
1759426909.873243,12:41:49,68.005
1759426919.939582,12:41:59,67.992
1759426930.013127,12:42:10,68.145
1759426940.080353,12:42:20,68.233
1759426950.14664,12:42:30,68.439
1759426960.217909,12:42:40,68.441
1759426970.284338,12:42:50,68.253
1759426980.350428,12:43:00,67.944
1759426990.425334,12:43:10,67.390
1759427000.51609,12:43:20,67.340
1759427010.582649,12:43:30,67.246
1759427020.653844,12:43:40,67.068
1759427030.720897,12:43:50,67.249
1759427040.787351,12:44:00,66.960
1759427050.872485,12:44:10,66.916
1759427060.938475,12:44:20,66.856
1759427071.00517,12:44:31,66.939
1759427081.07451,12:44:41,67.067
1759427091.140859,12:44:51,67.207
1759427101.206791,12:45:01,67.459
1759427111.279425,12:45:11,67.633
1759427121.345715,12:45:21,67.589
1759427131.41278,12:45:31,67.666
1759427141.519389,12:45:41,67.642
1759427151.585952,12:45:51,67.430
1759427161.651988,12:46:01,67.442
1759427171.726047,12:46:11,67.803
1759427181.79259,12:46:21,67.799
1759427191.87493,12:46:31,67.575
1759427201.944465,12:46:41,67.268
1759427212.011664,12:46:52,67.545
1759427222.077552,12:47:02,67.052
1759427232.151228,12:47:12,67.038
1759427242.218134,12:47:22,67.186
1759427252.284563,12:47:32,67.205
1759427262.356453,12:47:42,67.538
1759427272.423047,12:47:52,67.803
1759427282.509022,12:48:02,67.546
1759427292.585012,12:48:12,67.573
1759427302.651726,12:48:22,67.559
1759427312.718266,12:48:32,67.708
1759427322.786987,12:48:42,67.699
1759427332.86616,12:48:52,67.660
1759427342.932408,12:49:02,67.554
1759427353.003746,12:49:13,67.421
1759427363.07066,12:49:23,67.524
1759427373.137544,12:49:33,67.641
1759427383.208985,12:49:43,67.869
1759427393.275979,12:49:53,68.002
1759427403.3425,12:50:03,67.943
1759427413.4117,12:50:13,67.910
1759427423.478537,12:50:23,67.855
1759427433.56408,12:50:33,67.591
1759427443.638587,12:50:43,67.454
1759427453.705375,12:50:53,67.297
1759427463.7716,12:51:03,67.424
1759427473.845737,12:51:13,67.521
1759427483.911968,12:51:23,67.592
1759427493.978311,12:51:33,67.889
1759427504.052055,12:51:44,67.991
1759427514.118541,12:51:54,68.125
1759427524.185144,12:52:04,67.979
1759427534.258471,12:52:14,67.848
1759427544.324664,12:52:24,67.701
1759427554.390969,12:52:34,67.582
1759427564.465439,12:52:44,67.661
1759427574.543398,12:52:54,67.665
1759427584.625479,12:53:04,67.717
1759427594.694568,12:53:14,67.862
1759427604.761448,12:53:24,67.914
1759427614.82776,12:53:34,68.031
1759427624.899273,12:53:44,68.042
1759427634.966508,12:53:54,68.162
1759427645.032681,12:54:05,68.026
1759427655.105923,12:54:15,68.275
1759427665.172922,12:54:25,68.231
1759427675.23918,12:54:35,68.297
1759427685.311852,12:54:45,68.241
1759427695.378266,12:54:55,68.177
1759427705.444671,12:55:05,68.213
1759427715.519776,12:55:15,68.127
1759427725.608791,12:55:25,68.161
1759427735.67485,12:55:35,67.919
1759427745.746627,12:55:45,67.666
1759427755.813443,12:55:55,67.620
1759427765.883632,12:56:05,67.409
1759427775.953362,12:56:15,67.516
1759427786.020325,12:56:26,67.600
1759427796.086668,12:56:36,67.560
1759427806.157909,12:56:46,67.690
1759427816.224381,12:56:56,67.885
1759427826.290645,12:57:06,67.791
1759427836.366638,12:57:16,67.731
1759427846.433099,12:57:26,67.472
1759427856.499902,12:57:36,67.620
1759427866.596762,12:57:46,67.694
1759427876.663106,12:57:56,67.598
1759427886.729228,12:58:06,67.591
1759427896.800389,12:58:16,67.518
1759427906.88087,12:58:26,67.240
1759427916.947484,12:58:36,66.882
1759427927.017202,12:58:47,67.071
1759427937.083551,12:58:57,67.211
1759427947.150652,12:59:07,67.361
1759427957.222101,12:59:17,67.550
1759427967.288181,12:59:27,67.341
1759427977.35498,12:59:37,67.073
1759427987.430727,12:59:47,66.937
1759427997.497332,12:59:57,66.720
1759428007.564142,13:00:07,66.755
1759428017.654387,13:00:17,66.590
1759428027.720889,13:00:27,66.636
1759428037.787209,13:00:37,66.770
1759428047.85797,13:00:47,66.801
1759428057.925144,13:00:57,66.811
1759428067.991883,13:01:07,66.962
1759428078.060852,13:01:18,66.928
1759428088.127861,13:01:28,67.059
1759428098.194074,13:01:38,67.100
1759428108.266512,13:01:48,67.093
1759428118.333652,13:01:58,67.087
1759428128.399853,13:02:08,66.949
1759428138.470997,13:02:18,66.689
1759428148.537707,13:02:28,66.425
1759428158.604202,13:02:38,66.510
1759428168.705726,13:02:48,66.569
1759428178.772441,13:02:58,66.830
1759428188.838874,13:03:08,66.791
1759428198.907718,13:03:18,66.763
1759428208.974709,13:03:28,66.814
1759428219.041028,13:03:39,67.067
1759428229.110102,13:03:49,66.839
1759428239.177066,13:03:59,66.927
1759428249.243641,13:04:09,67.087
1759428259.316666,13:04:19,66.888
1759428269.383236,13:04:29,66.958
1759428279.449815,13:04:39,67.150
1759428289.521496,13:04:49,67.373
1759428299.588423,13:04:59,67.366
1759428309.683628,13:05:09,67.274
1759428319.754763,13:05:19,67.447
1759428329.821613,13:05:29,67.373
1759428339.892409,13:05:39,67.671
1759428349.961537,13:05:49,67.812
1759428360.027809,13:06:00,67.766
1759428370.093785,13:06:10,67.708
1759428380.168305,13:06:20,67.812
1759428390.235111,13:06:30,67.834
1759428400.301321,13:06:40,67.976
1759428410.374371,13:06:50,67.838
1759428420.441057,13:07:00,67.691
1759428430.507452,13:07:10,67.752
1759428440.576374,13:07:20,67.739
1759428450.652827,13:07:30,67.644
1759428460.734303,13:07:40,67.689
1759428470.809173,13:07:50,67.638
1759428480.890711,13:08:00,67.672
1759428490.95745,13:08:10,67.481
1759428501.029828,13:08:21,67.564
1759428511.096233,13:08:31,67.583
1759428521.163237,13:08:41,67.619
1759428531.2344,13:08:51,67.582
1759428541.301002,13:09:01,67.582
1759428551.367847,13:09:11,67.448
1759428561.436862,13:09:21,67.292
1759428571.503251,13:09:31,67.216
1759428581.569788,13:09:41,67.168
1759428591.640073,13:09:51,67.274
1759428601.73193,13:10:01,67.246
1759428611.7988,13:10:11,67.515
1759428621.872773,13:10:21,67.691
1759428631.939517,13:10:31,67.735
1759428642.005973,13:10:42,67.653
1759428652.079982,13:10:52,67.961
1759428662.145864,13:11:02,67.980
1759428672.212519,13:11:12,67.795
1759428682.286099,13:11:22,67.718
1759428692.353268,13:11:32,67.738
1759428702.419435,13:11:42,67.754
1759428712.491714,13:11:52,67.888
1759428722.558165,13:12:02,67.738
1759428732.62455,13:12:12,67.723
1759428742.725062,13:12:22,67.449
1759428752.791489,13:12:32,67.319
1759428762.857772,13:12:42,67.178
1759428772.926239,13:12:52,67.228
1759428782.992809,13:13:02,67.176
1759428793.05918,13:13:13,66.979
1759428803.130725,13:13:23,67.022
1759428813.197043,13:13:33,67.042
1759428823.263612,13:13:43,67.010
1759428833.339753,13:13:53,66.834
1759428843.40649,13:14:03,66.978
1759428853.473063,13:14:13,66.967
1759428863.543146,13:14:23,66.869
1759428873.60991,13:14:33,66.788
1759428883.676757,13:14:43,67.042
1759428893.772619,13:14:53,67.152
1759428903.839686,13:15:03,67.198
1759428913.90632,13:15:13,66.950
1759428923.977339,13:15:23,67.053
1759428934.044089,13:15:34,66.819
1759428944.110646,13:15:44,66.887
1759428954.181565,13:15:54,66.828
1759428964.247468,13:16:04,66.897
1759428974.313555,13:16:14,66.781
1759428984.38368,13:16:24,67.030
1759428994.45017,13:16:34,66.937
1759429004.516907,13:16:44,67.013
1759429014.590088,13:16:54,67.077
1759429024.656311,13:17:04,67.235
1759429034.749924,13:17:14,67.297
1759429044.826572,13:17:24,67.324
1759429054.902896,13:17:34,67.422
1759429064.969141,13:17:44,67.674
1759429075.038846,13:17:55,67.671
1759429085.105271,13:18:05,67.743
1759429095.171621,13:18:15,67.787
1759429105.24071,13:18:25,67.734
1759429115.30696,13:18:35,67.600
1759429125.373548,13:18:45,67.644
1759429135.447449,13:18:55,67.540
1759429145.514042,13:19:05,67.700
1759429155.580001,13:19:15,67.665
1759429165.653052,13:19:25,67.280
1759429175.727872,13:19:35,67.210
1759429185.813548,13:19:45,67.168
1759429195.894633,13:19:55,67.383
1759429205.961141,13:20:05,67.192
1759429216.027523,13:20:16,67.285
1759429226.097702,13:20:26,67.291
1759429236.163917,13:20:36,67.435
1759429246.230383,13:20:46,67.652
1759429256.301579,13:20:56,67.698
1759429266.367959,13:21:06,67.618
1759429276.434347,13:21:16,67.836
1759429286.509094,13:21:26,67.726
1759429296.575504,13:21:36,67.924
1759429306.641763,13:21:46,67.966
1759429316.714589,13:21:56,68.081
1759429326.806922,13:22:06,68.167
1759429336.876416,13:22:16,68.379
1759429346.953526,13:22:26,68.195
1759429357.019894,13:22:37,68.102
1759429367.087267,13:22:47,68.032
1759429377.16173,13:22:57,68.091
1759429387.228146,13:23:07,68.137
1759429397.29519,13:23:17,68.186
1759429407.368319,13:23:27,67.837
1759429417.435318,13:23:37,68.080
1759429427.501878,13:23:47,68.049
1759429437.57498,13:23:57,68.047
1759429447.641822,13:24:07,68.114
1759429457.708039,13:24:17,68.162
1759429467.806904,13:24:27,68.111
1759429477.874334,13:24:37,67.899
1759429487.940619,13:24:47,67.943
1759429498.018511,13:24:58,68.034
1759429508.085638,13:25:08,67.922
1759429518.152161,13:25:18,67.733
1759429528.22235,13:25:28,67.537
1759429538.288947,13:25:38,67.334
1759429548.355774,13:25:48,67.232
1759429558.426696,13:25:58,67.114
1759429568.493537,13:26:08,66.959
1759429578.560496,13:26:18,66.913
1759429588.631033,13:26:28,66.621
1759429598.697552,13:26:38,66.637
1759429608.764171,13:26:48,66.691
1759429618.856073,13:26:58,66.812
1759429628.922253,13:27:08,66.894
1759429638.988887,13:27:18,67.226
1759429649.059842,13:27:29,67.238
1759429659.126178,13:27:39,67.251
1759429669.192782,13:27:49,67.444
1759429679.263353,13:27:59,67.662
1759429689.329624,13:28:09,67.675
1759429699.39593,13:28:19,67.842
1759429709.466463,13:28:29,67.884
1759429719.532715,13:28:39,67.796
1759429729.599715,13:28:49,67.849
1759429739.672321,13:28:59,67.811
1759429749.73896,13:29:09,67.823
1759429759.818331,13:29:19,67.775
1759429769.919725,13:29:29,67.626
1759429779.98643,13:29:39,67.718
1759429790.052978,13:29:50,67.574
1759429800.126447,13:30:00,67.366
1759429810.192846,13:30:10,67.217
1759429820.25906,13:30:20,67.081
1759429830.332788,13:30:30,67.068
1759429840.399421,13:30:40,66.901
1759429850.465726,13:30:50,67.006
1759429860.535756,13:31:00,66.890
1759429870.60235,13:31:10,67.123
1759429880.669009,13:31:20,67.263
1759429890.738509,13:31:30,67.307
1759429900.804828,13:31:40,67.446
1759429910.894834,13:31:50,67.591
1759429920.971751,13:32:00,67.578
1759429931.038503,13:32:11,67.644
1759429941.105297,13:32:21,67.874
1759429951.174361,13:32:31,67.837
1759429961.241357,13:32:41,67.768
1759429971.308521,13:32:51,67.522
1759429981.380967,13:33:01,67.639
1759429991.447754,13:33:11,67.432
1759430001.515122,13:33:21,67.459
1759430011.583577,13:33:31,67.380
1759430021.649975,13:33:41,67.278
1759430031.716662,13:33:51,67.125
1759430041.790223,13:34:01,66.975
1759430051.88616,13:34:11,66.995
1759430061.952654,13:34:21,67.097
1759430072.027341,13:34:32,67.156
1759430082.093827,13:34:42,67.126
1759430092.160435,13:34:52,67.168
1759430102.262506,13:35:02,67.102
1759430112.328557,13:35:12,67.058
1759430122.39486,13:35:22,67.230
1759430132.471322,13:35:32,67.307
1759430142.537039,13:35:42,67.169
1759430152.603332,13:35:52,67.227
1759430162.676892,13:36:02,67.322
1759430172.743686,13:36:12,67.247
1759430182.810236,13:36:22,66.970
1759430192.924485,13:36:32,66.959
1759430202.990737,13:36:42,67.064
1759430213.057086,13:36:53,67.181
1759430223.125727,13:37:03,67.172
1759430233.192507,13:37:13,67.415
1759430243.259657,13:37:23,67.388
1759430253.333935,13:37:33,67.284
1759430263.400262,13:37:43,67.347
1759430273.467299,13:37:53,67.441
1759430283.540391,13:38:03,67.467
1759430293.606803,13:38:13,67.406
1759430303.673679,13:38:23,67.355
1759430313.74515,13:38:33,67.390
1759430323.811766,13:38:43,67.392
1759430333.912753,13:38:53,67.401
1759430343.988118,13:39:03,66.991
1759430354.054892,13:39:14,66.694
1759430364.122028,13:39:24,66.681
1759430374.194327,13:39:34,66.576
1759430384.26101,13:39:44,66.768
1759430394.327887,13:39:54,66.848
1759430404.397293,13:40:04,66.823
1759430414.463805,13:40:14,67.025
1759430424.530904,13:40:24,66.896
1759430434.602657,13:40:34,66.467
1759430444.669046,13:40:44,66.314
1759430454.735701,13:40:54,66.143
1759430464.805883,13:41:04,66.105
1759430474.87251,13:41:14,66.061
1759430484.963722,13:41:24,66.288
1759430495.031762,13:41:35,66.399
1759430505.097786,13:41:45,66.467
1759430515.163994,13:41:55,66.744
1759430525.233177,13:42:05,67.031
1759430535.299306,13:42:15,67.075
1759430545.3655,13:42:25,67.158
1759430555.435681,13:42:35,67.026
1759430565.501862,13:42:45,66.961
1759430575.568373,13:42:55,66.783
1759430585.638077,13:43:05,66.646
1759430595.704294,13:43:15,66.562
1759430605.770523,13:43:25,66.614
1759430615.84277,13:43:35,66.742
1759430625.951397,13:43:45,66.727
1759430636.01797,13:43:56,66.652
1759430646.088075,13:44:06,66.765
1759430656.154434,13:44:16,66.889
1759430666.220629,13:44:26,67.021
1759430676.29266,13:44:36,66.658
1759430686.359632,13:44:46,66.730
1759430696.425798,13:44:56,66.513
1759430706.498193,13:45:06,66.328
1759430716.565031,13:45:16,66.063
1759430726.631597,13:45:26,66.053
1759430736.701931,13:45:36,65.759
1759430746.7687,13:45:46,65.943
1759430756.835405,13:45:56,66.078
1759430766.921726,13:46:06,65.749
1759430777.005793,13:46:17,65.640
1759430787.072482,13:46:27,65.929
1759430797.141716,13:46:37,66.019
1759430807.208667,13:46:47,65.977
1759430817.275301,13:46:57,65.785
1759430827.3459,13:47:07,65.380
1759430837.412057,13:47:17,65.505
1759430847.478361,13:47:27,65.755
1759430857.550661,13:47:37,65.863
1759430867.61755,13:47:47,66.140
1759430877.683812,13:47:57,66.420
1759430887.753788,13:48:07,66.472
1759430897.820746,13:48:17,66.482
1759430907.887209,13:48:27,66.520
1759430917.990744,13:48:37,66.609
1759430928.057635,13:48:48,66.911
1759430938.124153,13:48:58,66.523
1759430948.19318,13:49:08,66.762
1759430958.260149,13:49:18,66.800
1759430968.326598,13:49:28,66.538
1759430978.39962,13:49:38,66.398
1759430988.466729,13:49:48,66.261
1759430998.53299,13:49:58,66.380
1759431008.602013,13:50:08,66.550
1759431018.668856,13:50:18,66.778
1759431028.735316,13:50:28,66.841
1759431038.809983,13:50:38,66.857
1759431048.876863,13:50:48,66.916
1759431058.943999,13:50:58,66.785
1759431069.033183,13:51:09,66.535
1759431079.099991,13:51:19,66.685
1759431089.166118,13:51:29,66.828
1759431099.237093,13:51:39,66.975
1759431109.303724,13:51:49,67.073
1759431119.369887,13:51:59,67.098
1759431129.441336,13:52:09,67.095
1759431139.50841,13:52:19,67.117
1759431149.574731,13:52:29,67.111
1759431159.649697,13:52:39,66.972
1759431169.71654,13:52:49,67.047
1759431179.782887,13:52:59,67.097
1759431189.854379,13:53:09,67.042
1759431199.93239,13:53:19,66.927
1759431210.026158,13:53:30,66.940
1759431220.10459,13:53:40,66.957
1759431230.171113,13:53:50,66.767
1759431240.237596,13:54:00,66.661
1759431250.310972,13:54:10,66.485
1759431260.377657,13:54:20,66.431
1759431270.44455,13:54:30,66.598
1759431280.517751,13:54:40,66.763
1759431290.584299,13:54:50,66.783
1759431300.65079,13:55:00,66.704
1759431310.724256,13:55:10,66.708
1759431320.790488,13:55:20,66.568
1759431330.856912,13:55:30,66.575
1759431340.941459,13:55:40,66.687
1759431351.030791,13:55:51,66.524
1759431361.096604,13:56:01,66.659
1759431371.167475,13:56:11,66.747
1759431381.23374,13:56:21,66.502
1759431391.300009,13:56:31,66.317
1759431401.369021,13:56:41,66.064
1759431411.436275,13:56:51,66.212
1759431421.502423,13:57:01,66.234
1759431431.571787,13:57:11,66.284
1759431441.638393,13:57:21,66.308
1759431451.705009,13:57:31,66.339
1759431461.778294,13:57:41,66.562
1759431471.844487,13:57:51,66.707
1759431481.918757,13:58:01,66.631
1759431491.98933,13:58:11,66.639
1759431502.074066,13:58:22,66.555
1759431512.140442,13:58:32,66.709
1759431522.211834,13:58:42,66.563
1759431532.278034,13:58:52,66.566
1759431542.34472,13:59:02,66.642
1759431552.418616,13:59:12,66.582
1759431562.485726,13:59:22,66.460
1759431572.552227,13:59:32,66.485
1759431582.622458,13:59:42,66.457
1759431592.689096,13:59:52,66.565
1759431602.755474,14:00:02,66.473
1759431612.828304,14:00:12,66.568
1759431622.894805,14:00:22,66.611
1759431632.961339,14:00:32,66.771
1759431643.045078,14:00:43,66.772
1759431653.123567,14:00:53,66.903
1759431663.190415,14:01:03,66.983
1759431673.261039,14:01:13,66.950
1759431683.327401,14:01:23,66.983
1759431693.39362,14:01:33,66.957
1759431703.462481,14:01:43,67.035
1759431713.529176,14:01:53,67.264
1759431723.595615,14:02:03,67.117
1759431733.668038,14:02:13,66.828
1759431743.735052,14:02:23,66.867
1759431753.801706,14:02:33,66.887
1759431763.876382,14:02:43,66.894
1759431773.942999,14:02:53,66.917
1759431784.009291,14:03:04,67.071
1759431794.111,14:03:14,67.007
1759431804.177473,14:03:24,67.104
1759431814.243973,14:03:34,67.161
1759431824.314716,14:03:44,67.474
1759431834.381548,14:03:54,67.653
1759431844.447937,14:04:04,67.964
1759431854.527332,14:04:14,68.126
1759431864.593502,14:04:24,68.242
1759431874.659984,14:04:34,68.400
1759431884.733854,14:04:44,68.425
1759431894.800299,14:04:54,68.580
1759431904.867207,14:05:04,68.718
1759431914.950039,14:05:14,68.873
1759431925.016054,14:05:25,69.046
1759431935.116561,14:05:35,69.121
1759431945.186545,14:05:45,68.857
1759431955.25252,14:05:55,68.885
1759431965.319284,14:06:05,68.894
1759431975.389568,14:06:15,68.825
1759431985.455789,14:06:25,68.858
1759431995.523021,14:06:35,69.102
1759432005.592516,14:06:45,69.182
1759432015.659106,14:06:55,69.405
1759432025.725872,14:07:05,69.323
1759432035.797228,14:07:15,69.212
1759432045.863578,14:07:25,69.126
1759432055.947147,14:07:35,69.030
1759432066.016501,14:07:46,69.217
1759432076.097532,14:07:56,69.157
1759432086.177241,14:08:06,69.291
1759432096.250406,14:08:16,69.540
1759432106.316564,14:08:26,69.627
1759432116.383519,14:08:36,69.668
1759432126.453917,14:08:46,69.599
1759432136.520713,14:08:56,69.777
1759432146.587758,14:09:06,70.049
1759432156.659865,14:09:16,70.078
1759432166.726621,14:09:26,70.138
1759432176.793115,14:09:36,70.302
1759432186.863292,14:09:46,70.417
1759432196.946919,14:09:56,70.392
1759432207.013308,14:10:07,70.378
1759432217.082788,14:10:17,70.386
1759432227.164106,14:10:27,70.442
1759432237.230503,14:10:37,70.711
1759432247.299609,14:10:47,70.796
1759432257.366322,14:10:57,70.850
1759432267.432892,14:11:07,70.911
1759432277.509373,14:11:17,70.977
1759432287.576127,14:11:27,71.089
1759432297.642677,14:11:37,71.131
1759432307.715323,14:11:47,71.163
1759432317.781695,14:11:57,71.297
1759432327.848472,14:12:07,71.356
1759432337.919372,14:12:17,71.447
1759432347.985702,14:12:27,71.389
1759432358.052674,14:12:38,71.597
1759432368.141546,14:12:48,71.604
1759432378.207788,14:12:58,71.705
1759432388.275159,14:13:08,71.813
1759432398.344654,14:13:18,71.732
1759432408.411636,14:13:28,71.829
1759432418.478393,14:13:38,71.833
1759432428.554536,14:13:48,71.954
1759432438.62163,14:13:58,72.061
1759432448.688059,14:14:08,72.132
1759432458.758705,14:14:18,72.161
1759432468.825025,14:14:28,72.183
1759432478.891359,14:14:38,72.184
1759432488.964865,14:14:48,72.211
1759432499.031448,14:14:59,72.341
1759432509.098007,14:15:09,72.270
1759432519.197032,14:15:19,72.156
1759432529.263575,14:15:29,72.222
1759432539.330239,14:15:39,72.163
1759432549.400789,14:15:49,72.230
1759432559.467203,14:15:59,72.268
1759432569.534779,14:16:09,72.244
1759432579.606234,14:16:19,72.380
1759432589.673069,14:16:29,72.415
1759432599.739734,14:16:39,72.362
1759432609.811312,14:16:49,72.389
1759432619.877616,14:16:59,72.510
1759432629.95267,14:17:09,72.377
1759432640.02212,14:17:20,72.582
1759432650.088487,14:17:30,72.511
1759432660.170582,14:17:40,72.397
1759432670.249164,14:17:50,72.317
1759432680.315618,14:18:00,72.501
1759432690.382778,14:18:10,72.475
1759432700.454256,14:18:20,72.347
1759432710.521346,14:18:30,72.389
1759432720.587936,14:18:40,72.320
1759432730.656735,14:18:50,72.465
1759432740.723654,14:19:00,72.505
1759432750.790007,14:19:10,72.426
1759432760.859342,14:19:20,72.533
1759432770.928351,14:19:30,72.622
1759432780.994616,14:19:40,72.563
1759432791.066009,14:19:51,72.700
1759432801.132187,14:20:01,72.677
1759432811.225556,14:20:11,72.656
1759432821.303114,14:20:21,72.779
1759432831.369354,14:20:31,72.787
1759432841.435952,14:20:41,72.664
1759432851.505142,14:20:51,72.705
1759432861.571595,14:21:01,72.742
1759432871.638246,14:21:11,72.769
1759432881.708913,14:21:21,72.793
1759432891.77551,14:21:31,72.817
1759432901.841761,14:21:41,72.782
1759432911.913456,14:21:51,72.896
1759432921.979677,14:22:01,72.861
1759432932.046224,14:22:12,72.774
1759432942.119845,14:22:22,72.711
1759432952.19689,14:22:32,72.621
1759432962.275562,14:22:42,72.669
1759432972.34586,14:22:52,72.688
1759432982.412006,14:23:02,72.808
1759432992.479077,14:23:12,72.888
1759433002.553337,14:23:22,72.994
1759433012.619735,14:23:32,73.025
1759433022.68593,14:23:42,73.081
1759433032.756115,14:23:52,72.950
1759433042.822695,14:24:02,72.756
1759433052.889002,14:24:12,72.703
1759433062.963158,14:24:22,72.716
1759433073.029349,14:24:33,72.778
1759433083.095674,14:24:43,72.862
1759433093.166784,14:24:53,72.850
1759433103.261333,14:25:03,72.793
1759433113.327555,14:25:13,72.828
1759433123.397899,14:25:23,72.877
1759433133.464552,14:25:33,72.986
1759433143.531014,14:25:43,73.127
1759433153.604267,14:25:53,73.047
1759433163.670979,14:26:03,72.954
1759433173.737375,14:26:13,73.119
1759433183.808711,14:26:23,73.050
1759433193.875027,14:26:33,73.130
1759433203.956233,14:26:43,72.986
1759433214.025006,14:26:54,72.836
1759433224.091335,14:27:04,72.863
1759433234.158357,14:27:14,72.934
1759433244.249953,14:27:24,72.966
1759433254.316458,14:27:34,73.049
1759433264.383093,14:27:44,73.146
1759433274.452802,14:27:54,73.158
1759433284.519433,14:28:04,73.172
1759433294.586158,14:28:14,73.147
1759433304.661154,14:28:24,72.873
1759433314.727381,14:28:34,73.082
1759433324.79364,14:28:44,73.035
1759433334.864963,14:28:54,72.978
1759433344.933544,14:29:04,72.973
1759433355.000261,14:29:15,72.925
1759433365.070049,14:29:25,73.016
1759433375.136969,14:29:35,73.065
1759433385.203334,14:29:45,73.214
1759433395.30158,14:29:55,73.173
1759433405.367827,14:30:05,73.135
1759433415.434689,14:30:15,73.131
1759433425.50581,14:30:25,73.050
1759433435.572127,14:30:35,73.023
1759433445.638747,14:30:45,72.896
1759433455.708506,14:30:55,72.972
1759433465.775666,14:31:05,73.107
1759433475.84209,14:31:15,73.126
1759433485.911649,14:31:25,73.007
1759433495.977962,14:31:35,72.899
1759433506.044481,14:31:46,72.891
1759433516.114839,14:31:56,72.615
1759433526.181246,14:32:06,72.554
1759433536.247458,14:32:16,72.750
1759433546.34517,14:32:26,72.914
1759433556.411627,14:32:36,73.077
1759433566.478003,14:32:46,73.083
1759433576.546654,14:32:56,73.130
1759433586.612904,14:33:06,73.074
1759433596.679034,14:33:16,72.885
1759433606.748664,14:33:26,72.964
1759433616.814986,14:33:36,72.945
1759433626.881504,14:33:46,73.070
1759433636.965437,14:33:56,73.084
1759433647.031644,14:34:07,73.149
1759433657.09795,14:34:17,73.118
1759433667.169554,14:34:27,73.085
1759433677.235851,14:34:37,73.085
1759433687.33005,14:34:47,73.102
1759433697.399159,14:34:57,73.129
1759433707.465804,14:35:07,73.191
1759433717.532504,14:35:17,73.124
1759433727.605352,14:35:27,72.970
1759433737.672025,14:35:37,73.013
1759433747.738228,14:35:47,73.017
1759433757.812693,14:35:57,73.055
1759433767.878967,14:36:07,73.277
1759433777.957491,14:36:17,73.237
1759433788.026749,14:36:28,73.259
1759433798.093216,14:36:38,73.142
1759433808.159618,14:36:48,73.194
1759433818.228643,14:36:58,73.263
1759433828.295058,14:37:08,73.277
1759433838.379431,14:37:18,73.242
1759433848.450397,14:37:28,73.305
1759433858.51694,14:37:38,73.396
1759433868.583341,14:37:48,73.378
1759433878.657937,14:37:58,73.206
1759433888.72441,14:38:08,73.099
1759433898.790588,14:38:18,73.097
1759433908.86312,14:38:28,73.026
1759433918.92979,14:38:38,73.053
1759433928.997122,14:38:48,73.085
1759433939.068476,14:38:59,73.026
1759433949.134563,14:39:09,72.918
1759433959.201413,14:39:19,72.767
1759433969.271842,14:39:29,72.810
1759433979.361192,14:39:39,72.815
1759433989.427426,14:39:49,72.939
1759433999.496627,14:39:59,73.132
1759434009.562791,14:40:09,73.139
1759434019.629643,14:40:19,73.112
1759434029.701267,14:40:29,73.156
1759434039.767688,14:40:39,73.134
1759434049.833741,14:40:49,73.234
1759434059.904624,14:40:59,73.221
1759434069.974815,14:41:09,73.222
1759434080.04158,14:41:20,73.115
1759434090.111209,14:41:30,72.818
1759434100.177532,14:41:40,72.729
1759434110.244901,14:41:50,72.789
1759434120.313653,14:42:00,72.872
1759434130.40263,14:42:10,72.774
1759434140.469054,14:42:20,72.808
1759434150.540581,14:42:30,72.799
1759434160.607247,14:42:40,72.870
1759434170.673518,14:42:50,72.968
1759434180.742862,14:43:00,73.049
1759434190.809376,14:43:10,73.061
1759434200.875775,14:43:20,73.066
1759434210.947337,14:43:30,72.937
1759434221.013946,14:43:41,73.007
1759434231.080739,14:43:51,72.935
1759434241.149894,14:44:01,72.801
1759434251.216003,14:44:11,72.892
1759434261.282339,14:44:21,72.994
1759434271.351749,14:44:31,72.900
1759434281.433867,14:44:41,72.879
1759434291.500171,14:44:51,72.805
1759434301.574052,14:45:01,72.680
1759434311.640152,14:45:11,72.770
1759434321.706515,14:45:21,72.887
1759434331.777051,14:45:31,72.999
1759434341.843698,14:45:41,73.091
1759434351.910058,14:45:51,73.077
1759434361.99757,14:46:01,73.174
1759434372.06369,14:46:12,73.241
1759434382.130254,14:46:22,73.276
1759434392.201158,14:46:32,73.271
1759434402.267444,14:46:42,73.437
1759434412.334607,14:46:52,73.184
1759434422.441656,14:47:02,72.966
1759434432.507926,14:47:12,72.955
1759434442.574011,14:47:22,72.875
1759434452.6485,14:47:32,72.946
1759434462.715236,14:47:42,72.951
1759434472.781789,14:47:52,73.072
1759434482.854739,14:48:02,73.237
1759434492.920846,14:48:12,73.405
1759434502.987939,14:48:22,73.474
1759434513.059761,14:48:33,73.538
1759434523.126101,14:48:43,73.429
1759434533.192979,14:48:53,73.305
1759434543.262014,14:49:03,73.133
1759434553.328814,14:49:13,73.156
1759434563.395687,14:49:23,73.287
1759434573.488703,14:49:33,73.410
1759434583.555674,14:49:43,73.406
1759434593.622476,14:49:53,73.234
1759434603.691935,14:50:03,73.315
1759434613.75871,14:50:13,73.433
1759434623.825433,14:50:23,73.448
1759434633.896814,14:50:33,73.603
1759434643.981202,14:50:43,73.638
1759434654.047483,14:50:54,73.639
1759434664.124065,14:51:04,73.646
1759434674.190912,14:51:14,73.811
1759434684.257276,14:51:24,73.667
1759434694.327654,14:51:34,73.558
1759434704.394568,14:51:44,73.567
1759434714.490049,14:51:54,73.506
1759434724.559252,14:52:04,73.563
1759434734.625855,14:52:14,73.397
1759434744.692173,14:52:24,73.159
1759434754.76225,14:52:34,73.060
1759434764.829488,14:52:44,73.072
1759434774.895585,14:52:54,73.144
1759434784.980596,14:53:04,73.113
1759434795.047639,14:53:15,73.120
1759434805.114184,14:53:25,73.262
1759434815.189632,14:53:35,73.526
1759434825.256118,14:53:45,73.356
1759434835.322495,14:53:55,73.090
1759434845.391856,14:54:05,73.085
1759434855.480773,14:54:15,73.145
1759434865.547381,14:54:25,73.281
1759434875.622706,14:54:35,73.403
1759434885.689069,14:54:45,73.401
1759434895.756244,14:54:55,73.566
1759434905.82612,14:55:05,73.508
1759434915.892411,14:55:15,73.556
1759434925.967656,14:55:25,73.555
1759434936.041887,14:55:36,73.621
1759434946.108305,14:55:46,73.710
1759434956.175346,14:55:56,73.782
1759434966.246979,14:56:06,73.859
1759434976.313771,14:56:16,74.014
1759434986.380587,14:56:26,73.951
1759434996.450067,14:56:36,74.123
1759435006.53754,14:56:46,74.094
1759435016.603793,14:56:56,74.183
1759435026.712225,14:57:06,74.111
1759435036.778813,14:57:16,74.147
1759435046.845728,14:57:26,74.214
1759435056.918783,14:57:36,74.174
1759435066.987748,14:57:46,74.155
1759435077.054448,14:57:57,74.192
1759435087.126735,14:58:07,74.230
1759435097.193094,14:58:17,74.237
1759435107.260789,14:58:27,74.265
1759435117.334245,14:58:37,74.145
1759435127.400447,14:58:47,74.170
1759435137.466869,14:58:57,74.140
1759435147.555712,14:59:07,74.060
1759435157.622105,14:59:17,73.901
1759435167.688868,14:59:27,73.943
1759435177.760632,14:59:37,73.981
1759435187.826953,14:59:47,74.063
1759435197.893745,14:59:57,74.039
1759435207.965227,15:00:07,74.016
1759435218.031407,15:00:18,73.990
1759435228.098407,15:00:28,74.055
1759435238.174012,15:00:38,74.138
1759435248.241348,15:00:48,74.136
1759435258.307902,15:00:58,74.190
1759435268.381157,15:01:08,74.125
1759435278.447574,15:01:18,74.112
1759435288.539257,15:01:28,74.069
1759435298.615041,15:01:38,73.961
1759435308.681831,15:01:48,74.003
1759435318.748313,15:01:58,74.069
1759435328.821313,15:02:08,74.103
1759435338.88821,15:02:18,74.238
1759435348.954707,15:02:28,74.314
1759435359.027787,15:02:39,74.283
1759435369.094719,15:02:49,74.325
1759435379.161331,15:02:59,74.315
1759435389.233234,15:03:09,74.364
1759435399.300115,15:03:19,74.223
1759435409.366452,15:03:29,74.128
1759435419.435661,15:03:39,74.138
1759435429.502482,15:03:49,74.195
1759435439.58887,15:03:59,74.221
1759435449.661354,15:04:09,74.202
1759435459.728316,15:04:19,74.005
1759435469.794809,15:04:29,73.962
1759435479.864664,15:04:39,73.964
1759435489.931861,15:04:49,74.141
1759435499.998097,15:04:59,74.106
1759435510.073085,15:05:10,73.825
1759435520.139368,15:05:20,73.852
1759435530.205715,15:05:30,73.756
1759435540.278972,15:05:40,73.693
1759435550.345353,15:05:50,73.808
1759435560.412373,15:06:00,73.822
1759435570.485577,15:06:10,73.903
1759435580.579128,15:06:20,73.870
1759435590.645524,15:06:30,73.893
1759435600.715147,15:06:40,73.929
1759435610.781237,15:06:50,73.857
1759435620.848025,15:07:00,73.859
1759435630.918193,15:07:10,73.843
1759435640.996584,15:07:20,73.841
1759435651.063081,15:07:31,73.861
1759435661.133105,15:07:41,73.783
1759435671.200057,15:07:51,73.936
1759435681.272425,15:08:01,73.879
1759435691.345168,15:08:11,73.833
1759435701.411773,15:08:21,73.802
1759435711.478328,15:08:31,73.651
1759435721.55691,15:08:41,73.652
1759435731.646273,15:08:51,73.656
1759435741.712258,15:09:01,73.617
1759435751.788896,15:09:11,73.555
1759435761.855173,15:09:21,73.695
1759435771.921545,15:09:31,73.818
1759435782.002744,15:09:42,73.834
1759435792.069211,15:09:52,73.817
1759435802.135631,15:10:02,73.915
1759435812.209072,15:10:12,73.919
1759435822.275327,15:10:22,74.003
1759435832.341779,15:10:32,74.087
1759435842.417911,15:10:42,74.070
1759435852.48457,15:10:52,73.998
1759435862.551522,15:11:02,74.022
1759435872.646216,15:11:12,73.983
1759435882.712375,15:11:22,74.073
1759435892.778789,15:11:32,74.166
1759435902.848431,15:11:42,74.130
1759435912.91496,15:11:52,74.146
1759435922.998099,15:12:02,74.057
1759435933.069846,15:12:13,74.030
1759435943.136235,15:12:23,74.139
1759435953.202651,15:12:33,74.113
1759435963.271836,15:12:43,74.136
1759435973.338261,15:12:53,73.984
1759435983.404425,15:13:03,74.121
1759435993.473077,15:13:13,73.936
1759436003.539709,15:13:23,74.149
1759436013.627863,15:13:33,74.209
1759436023.699886,15:13:43,74.207
1759436033.76671,15:13:53,74.208
1759436043.832964,15:14:03,74.216
1759436053.906675,15:14:13,74.491
1759436063.985326,15:14:23,74.739
1759436074.052003,15:14:34,75.024
1759436084.121321,15:14:44,75.269
1759436094.187681,15:14:54,75.408
1759436104.253976,15:15:04,75.716
1759436114.328914,15:15:14,75.744
1759436124.395212,15:15:24,75.976
1759436134.462042,15:15:34,76.115
1759436144.532425,15:15:44,76.218
1759436154.598842,15:15:54,76.503
1759436164.684862,15:16:04,76.678
1759436174.754081,15:16:14,76.934
1759436184.82045,15:16:24,77.175
1759436194.886696,15:16:34,77.424
1759436204.959314,15:16:44,76.797
1759436215.025893,15:16:55,76.794
1759436225.092679,15:17:05,76.903
1759436235.164477,15:17:15,77.041
1759436245.230893,15:17:25,77.189
1759436255.297643,15:17:35,77.463
1759436265.371115,15:17:45,77.803
1759436275.437789,15:17:55,78.025
1759436285.504331,15:18:05,78.318
1759436295.573709,15:18:15,78.514
1759436305.664614,15:18:25,76.700
1759436315.730962,15:18:35,76.524
1759436325.807193,15:18:45,76.843
1759436335.874253,15:18:55,76.880
1759436345.940992,15:19:05,76.908
1759436356.0131,15:19:16,76.960
1759436366.079406,15:19:26,76.948
1759436376.145792,15:19:36,77.110
1759436386.214895,15:19:46,77.339
1759436396.281197,15:19:56,77.668
1759436406.347688,15:20:06,77.975
1759436416.417894,15:20:16,78.307
1759436426.484157,15:20:26,78.525
1759436436.550605,15:20:36,76.445
1759436446.620639,15:20:46,76.363
1759436456.705191,15:20:56,76.477
1759436466.772107,15:21:06,76.728
1759436476.841383,15:21:16,77.005
1759436486.907631,15:21:26,76.672
1759436496.97443,15:21:36,76.970
1759436507.048159,15:21:47,77.699
1759436517.114638,15:21:57,79.653
1759436527.180902,15:22:07,79.454
1759436537.250147,15:22:17,78.418
1759436547.316819,15:22:27,77.821
1759436557.383342,15:22:37,78.437
1759436567.456383,15:22:47,80.682
1759436577.522702,15:22:57,79.811
1759436587.589032,15:23:07,79.015
1759436597.672459,15:23:17,78.551
1759436607.751107,15:23:27,78.507
1759436617.817474,15:23:37,79.408
1759436627.89456,15:23:47,79.115
1759436637.960877,15:23:57,78.458
1759436648.027096,15:24:08,79.633
1759436658.102311,15:24:18,80.127
1759436668.168839,15:24:28,81.531
1759436678.235099,15:24:38,81.384
1759436688.307965,15:24:48,82.542
1759436698.377609,15:24:58,82.901
1759436708.444157,15:25:08,85.679
1759436718.515855,15:25:18,84.428
1759436728.582107,15:25:28,103.942
1759436738.648251,15:25:38,104.100
1759436748.742468,15:25:48,113.511
1759436758.809016,15:25:58,104.365
1759436768.875232,15:26:08,104.014
1759436778.949239,15:26:18,105.586
1759436789.01582,15:26:29,122.752
1759436799.082925,15:26:39,111.008
1759436809.153104,15:26:49,133.491
1759436819.219878,15:26:59,118.359
1759436829.286044,15:27:09,116.303
1759436839.356201,15:27:19,124.049
1759436849.422589,15:27:29,119.003
1759436859.489309,15:27:39,126.713
1759436869.558204,15:27:49,118.307
1759436879.624725,15:27:59,128.045
1759436889.711116,15:28:09,118.130
1759436899.786062,15:28:19,132.631
1759436909.852453,15:28:29,118.309
1759436929.993464,15:28:49,116.472
1759436950.126863,15:29:10,126.025
1759436960.200041,15:29:20,122.634
1759436970.266354,15:29:30,141.961
1759436980.333148,15:29:40,122.152
1759436990.404339,15:29:50,131.309
1759437000.470814,15:30:00,121.260
1759437020.613617,15:30:20,121.249
1759437030.680201,15:30:30,120.656
1759437040.763371,15:30:40,113.683
1759437050.834995,15:30:50,124.141
1759437060.901388,15:31:00,117.198
1759437070.968099,15:31:10,137.413
1759437081.037707,15:31:21,112.590
1759437091.103967,15:31:31,88.011
1759437101.17065,15:31:41,121.378
1759437111.243658,15:31:51,88.762
1759437121.309586,15:32:01,88.031
1759437131.375992,15:32:11,86.484
1759437151.515212,15:32:31,135.962
1759437161.581485,15:32:41,127.785
1759437171.653846,15:32:51,109.179
1759437181.752325,15:33:01,77.030
1759437191.818437,15:33:11,72.478
1759437201.890136,15:33:21,70.832
1759437211.956534,15:33:31,71.943
1759437222.022703,15:33:42,71.706
1759437232.092543,15:33:52,74.120
1759437242.158754,15:34:02,71.399
1759437252.22512,15:34:12,70.990
1759437262.296316,15:34:22,71.314
1759437272.362427,15:34:32,70.849
1759437282.428691,15:34:42,71.196
1759437292.504074,15:34:52,71.426
1759437302.570715,15:35:02,70.876
1759437312.637226,15:35:12,71.167
1759437322.715113,15:35:22,71.142
1759437332.806948,15:35:32,70.565
1759437342.873578,15:35:42,71.458
1759437352.945918,15:35:52,71.215
1759437363.022764,15:36:03,70.647
1759437373.089215,15:36:13,71.487
1759437383.162778,15:36:23,71.326
1759437393.228952,15:36:33,70.803
1759437403.296004,15:36:43,71.535
1759437413.371464,15:36:53,71.585
1759437423.437813,15:37:03,71.061
1759437433.504617,15:37:13,70.925
1759437443.574625,15:37:23,71.470
1759437453.641171,15:37:33,71.201
1759437463.707717,15:37:43,71.448
1759437473.798653,15:37:53,73.621
1759437483.865214,15:38:03,74.361
1759437493.931857,15:38:13,74.101
1759437504.021495,15:38:24,73.445
1759437514.08817,15:38:34,72.854
1759437524.154465,15:38:44,72.284
1759437534.228111,15:38:54,71.668
1759437544.294476,15:39:04,70.991
1759437554.361314,15:39:14,70.335
1759437564.432136,15:39:24,70.687
1759437574.498368,15:39:34,71.209
1759437584.565191,15:39:44,73.580
1759437594.634506,15:39:54,75.016
1759437604.701301,15:40:04,75.913
1759437614.799943,15:40:14,76.322
1759437624.868421,15:40:24,76.391
1759437634.935035,15:40:34,76.322
1759437645.013566,15:40:45,76.392
1759437655.085381,15:40:55,76.335
1759437665.151716,15:41:05,76.399
1759437675.218027,15:41:15,76.334
1759437685.287736,15:41:25,76.389
1759437695.354269,15:41:35,76.407
1759437705.420506,15:41:45,76.374
1759437715.49734,15:41:55,76.325
1759437725.563928,15:42:05,76.320
1759437735.630524,15:42:15,76.299
1759437745.700123,15:42:25,75.960
1759437755.77408,15:42:35,75.388
1759437765.860857,15:42:45,74.493
1759437775.932675,15:42:55,73.832
1759437786.004581,15:43:06,73.052
1759437796.070896,15:43:16,72.432
1759437806.1433,15:43:26,71.851
1759437816.209948,15:43:36,71.065
1759437826.276732,15:43:46,70.364
1759437836.345776,15:43:56,71.181
1759437846.412337,15:44:06,73.371
1759437856.4786,15:44:16,74.916
1759437866.549305,15:44:26,75.828
1759437876.615944,15:44:36,76.320
1759437886.682275,15:44:46,76.339
1759437896.754782,15:44:56,76.280
1759437906.848733,15:45:06,76.279
1759437916.91555,15:45:16,76.365
1759437926.986094,15:45:26,76.317
1759437937.052358,15:45:37,76.337
1759437947.118792,15:45:47,76.370
1759437957.187368,15:45:57,76.360
1759437967.254162,15:46:07,76.332
1759437977.320577,15:46:17,76.310
1759437987.389669,15:46:27,76.365
1759437997.457128,15:46:37,76.355
1759438007.523704,15:46:47,76.374
1759438017.59569,15:46:57,76.325
1759438027.663047,15:47:07,76.327
1759438037.729208,15:47:17,76.386
1759438047.803156,15:47:27,76.386
1759438057.886941,15:47:37,76.340
1759438067.953254,15:47:47,76.407
1759438078.039972,15:47:58,76.348
1759438088.106692,15:48:08,76.361
1759438098.173139,15:48:18,76.357
1759438108.242883,15:48:28,76.343
1759438118.309188,15:48:38,76.380
1759438128.375866,15:48:48,76.414
1759438138.453487,15:48:58,76.401
1759438148.519759,15:49:08,76.414
1759438158.586212,15:49:18,76.403
1759438168.655272,15:49:28,76.365
1759438178.721837,15:49:38,76.357
1759438188.788306,15:49:48,76.375
1759438198.88734,15:49:58,76.331
1759438208.953454,15:50:08,76.390
1759438219.033695,15:50:19,76.318
1759438229.103683,15:50:29,76.360
1759438239.170173,15:50:39,76.406
1759438249.236548,15:50:49,76.401
1759438259.306545,15:50:59,76.379
1759438269.373168,15:51:09,76.408
1759438279.439484,15:51:19,76.384
1759438289.509824,15:51:29,76.396
1759438299.576139,15:51:39,76.408
1759438309.642684,15:51:49,76.351
1759438319.712132,15:51:59,76.401
1759438329.778658,15:52:09,76.352
1759438339.852762,15:52:19,76.353
1759438349.95085,15:52:29,76.303
1759438360.034487,15:52:40,76.319
1759438370.101164,15:52:50,76.377
1759438380.17397,15:53:00,76.365
1759438390.240465,15:53:10,76.363
1759438400.306668,15:53:20,76.310
1759438410.378979,15:53:30,76.344
1759438420.445397,15:53:40,76.373
1759438430.513757,15:53:50,76.311
1759438440.590465,15:54:00,76.328
1759438450.656733,15:54:10,76.306
1759438460.723079,15:54:20,76.368
1759438470.797842,15:54:30,76.318
1759438480.870762,15:54:40,76.342
1759438490.956069,15:54:50,76.311
1759438501.04134,15:55:01,76.295
1759438511.108218,15:55:11,76.301
1759438521.174802,15:55:21,76.338
1759438531.245984,15:55:31,76.347
1759438541.312484,15:55:41,76.357
1759438551.378713,15:55:51,76.314
1759438561.448418,15:56:01,76.285
1759438571.514755,15:56:11,76.325
1759438581.581356,15:56:21,76.383
1759438591.650311,15:56:31,76.354
1759438601.716821,15:56:41,76.332
1759438611.783188,15:56:51,76.358
1759438621.85178,15:57:01,76.302
1759438631.94068,15:57:11,76.277
1759438642.009107,15:57:22,76.300
1759438652.078876,15:57:32,76.333
1759438662.144986,15:57:42,76.359
1759438672.211531,15:57:52,76.319
1759438682.281441,15:58:02,76.299
1759438692.348105,15:58:12,76.322
1759438702.41503,15:58:22,76.318
1759438712.486923,15:58:32,76.368
1759438722.553494,15:58:42,76.315
1759438732.620418,15:58:52,76.372
1759438742.690153,15:59:02,76.335
1759438752.756983,15:59:12,76.384
1759438762.823351,15:59:22,76.299
1759438772.895505,15:59:32,76.337
1759438782.979975,15:59:42,76.318
1759438793.046748,15:59:53,76.344
1759438803.122165,16:00:03,76.366
1759438813.18936,16:00:13,76.336
1759438823.255762,16:00:23,76.318
1759438833.329178,16:00:33,76.311
1759438843.395764,16:00:43,76.300
1759438853.461923,16:00:53,76.262
1759438863.533034,16:01:03,76.342
1759438873.599895,16:01:13,76.331
1759438883.666154,16:01:23,76.327
1759438893.741001,16:01:33,76.271
1759438903.80766,16:01:43,76.312
1759438913.874239,16:01:53,76.311
1759438923.979731,16:02:03,76.237
1759438934.046174,16:02:14,76.275
1759438944.112259,16:02:24,76.253
1759438954.183184,16:02:34,76.313
1759438964.249443,16:02:44,76.328
1759438974.316444,16:02:54,76.242
1759438984.385542,16:03:04,76.278
1759438994.451833,16:03:14,76.308
1759439004.518317,16:03:24,76.327
1759439014.58826,16:03:34,76.322
1759439024.654518,16:03:44,76.314
1759439034.721116,16:03:54,76.295
1759439044.792097,16:04:04,76.222
1759439054.858315,16:04:14,76.301
1759439064.92455,16:04:24,76.319
1759439075.015507,16:04:35,76.276
1759439085.082149,16:04:45,76.288
1759439095.14891,16:04:55,76.334
1759439105.218885,16:05:05,76.336
1759439115.285187,16:05:15,76.337
1759439125.351528,16:05:25,76.320
1759439135.426733,16:05:35,76.314
1759439145.493196,16:05:45,76.324
1759439155.55974,16:05:55,76.343
1759439165.633507,16:06:05,76.291
1759439175.700257,16:06:15,76.310
1759439185.766625,16:06:25,76.342
1759439195.840212,16:06:35,76.361
1759439205.906807,16:06:45,76.341
1759439215.994246,16:06:55,76.267
1759439226.077019,16:07:06,76.269
1759439236.143816,16:07:16,76.347
1759439246.209924,16:07:26,76.353
1759439256.283763,16:07:36,76.325
1759439266.35088,16:07:46,76.311
1759439276.417181,16:07:56,76.341
1759439286.490305,16:08:06,76.339
1759439296.557057,16:08:16,76.329
1759439306.623851,16:08:26,76.324
1759439316.696515,16:08:36,76.325
1759439326.763378,16:08:46,76.294
1759439336.829607,16:08:56,76.325
1759439346.904047,16:09:06,76.326
1759439356.970832,16:09:16,76.330
1759439367.070166,16:09:27,76.258
1759439377.141027,16:09:37,76.337
1759439387.207248,16:09:47,76.322
1759439397.273732,16:09:57,76.263
1759439407.343131,16:10:07,76.320
1759439417.410128,16:10:17,76.336
1759439427.476851,16:10:27,76.297
1759439437.549401,16:10:37,76.328
1759439447.61659,16:10:47,76.288
1759439457.683814,16:10:57,76.335
1759439467.755315,16:11:07,76.324
1759439477.821826,16:11:17,76.339
1759439487.887991,16:11:27,76.316
1759439497.957932,16:11:37,76.285
1759439508.060116,16:11:48,76.279
1759439518.126439,16:11:58,76.343
1759439528.203116,16:12:08,76.286
1759439538.269357,16:12:18,76.339
1759439548.335948,16:12:28,76.283
1759439558.405296,16:12:38,76.327
1759439568.47214,16:12:48,76.333
1759439578.538493,16:12:58,76.319
1759439588.608152,16:13:08,76.359
1759439598.674816,16:13:18,76.336
1759439608.740936,16:13:28,76.305
1759439618.815164,16:13:38,76.251
1759439628.882133,16:13:48,76.337
1759439638.948551,16:13:58,76.334
1759439649.067744,16:14:09,76.274
1759439659.134103,16:14:19,76.332
1759439669.200753,16:14:29,76.339
1759439679.274608,16:14:39,76.335
1759439689.341232,16:14:49,76.342
1759439699.407705,16:14:59,76.315
1759439709.481076,16:15:09,76.329
1759439719.54737,16:15:19,76.332
1759439729.614244,16:15:29,76.341
1759439739.684938,16:15:39,76.295
1759439749.751429,16:15:49,76.343
1759439759.817869,16:15:59,76.279
1759439769.889063,16:16:09,76.299
1759439779.955333,16:16:19,76.324
1759439790.064325,16:16:30,76.272
1759439800.135553,16:16:40,76.333
1759439810.202128,16:16:50,76.318
1759439820.268973,16:17:00,76.286
1759439830.339613,16:17:10,76.325
1759439840.406086,16:17:20,76.312
1759439850.472354,16:17:30,76.272
1759439860.543615,16:17:40,76.327
1759439870.610369,16:17:50,76.314
1759439880.676664,16:18:00,76.345
1759439890.753907,16:18:10,76.274
1759439900.820107,16:18:20,76.275
1759439910.886771,16:18:30,76.312
1759439920.962906,16:18:40,76.269
1759439931.074166,16:18:51,76.272
1759439941.140979,16:19:01,76.323
1759439951.209356,16:19:11,76.337
1759439961.275961,16:19:21,76.272
1759439971.34279,16:19:31,76.267
1759439981.415059,16:19:41,76.282
1759439991.481351,16:19:51,76.274
1759440001.548568,16:20:01,76.300
1759440011.620827,16:20:11,76.307
1759440021.687074,16:20:21,76.327
1759440031.754116,16:20:31,76.297
1759440041.829964,16:20:41,76.324
1759440051.896475,16:20:51,76.311
1759440061.962837,16:21:01,76.307
1759440072.06641,16:21:12,76.260
1759440082.13321,16:21:22,76.287
1759440092.199735,16:21:32,76.268
1759440102.27319,16:21:42,76.322
1759440112.339475,16:21:52,76.269
1759440122.406506,16:22:02,76.303
1759440132.478604,16:22:12,76.252
1759440142.54503,16:22:22,76.294
1759440152.611842,16:22:32,76.290
1759440162.682426,16:22:42,76.319
1759440172.749014,16:22:52,76.271
1759440182.815765,16:23:02,76.249
1759440192.88539,16:23:12,76.320
1759440202.952166,16:23:22,76.268
1759440213.019035,16:23:33,76.309
1759440223.1202,16:23:43,76.248
1759440233.186931,16:23:53,76.307
1759440243.252711,16:24:03,76.296
1759440253.327074,16:24:13,76.341
1759440263.393794,16:24:23,76.310
1759440273.460483,16:24:33,76.302
1759440283.533517,16:24:43,76.247
1759440293.600083,16:24:53,76.295
1759440303.666424,16:25:03,76.300
1759440313.736726,16:25:13,76.281
1759440323.803072,16:25:23,76.244
1759440333.869571,16:25:33,76.323
1759440343.940125,16:25:43,76.285
1759440354.006581,16:25:54,76.270
1759440364.102732,16:26:04,76.252
1759440374.171557,16:26:14,76.317
1759440384.238359,16:26:24,76.322
1759440394.305142,16:26:34,76.272
1759440404.37538,16:26:44,76.317
1759440414.441967,16:26:54,76.292
1759440424.508598,16:27:04,76.335
1759440434.578109,16:27:14,76.307
1759440444.644361,16:27:24,76.307
1759440454.710829,16:27:34,76.223
1759440464.781751,16:27:44,76.300
1759440474.847958,16:27:54,76.237
1759440484.914531,16:28:04,76.300
1759440494.987043,16:28:14,76.228
1759440505.08582,16:28:25,76.247
1759440515.151965,16:28:35,76.238
1759440525.22713,16:28:45,76.250
1759440535.294062,16:28:55,76.242
1759440545.360349,16:29:05,76.281
1759440555.429453,16:29:15,76.242
1759440565.495732,16:29:25,76.246
1759440575.562323,16:29:35,76.270
1759440585.63154,16:29:45,76.228
1759440595.697699,16:29:55,76.223
1759440605.764477,16:30:05,76.243
1759440615.835917,16:30:15,76.212
1759440625.902227,16:30:25,76.251
1759440635.968738,16:30:35,76.289
1759440646.039775,16:30:46,76.246
1759440656.124306,16:30:56,76.224
1759440666.19057,16:31:06,76.256
1759440676.259522,16:31:16,76.253
1759440686.325644,16:31:26,76.232
1759440696.391864,16:31:36,76.295
1759440706.465981,16:31:46,76.242
1759440716.53217,16:31:56,76.260
1759440726.599368,16:32:06,76.225
1759440736.667663,16:32:16,76.275
1759440746.733764,16:32:26,76.260
1759440756.800304,16:32:36,76.269
1759440766.870572,16:32:46,76.234
1759440776.937058,16:32:56,76.288
1759440787.003327,16:33:07,76.280
1759440797.082141,16:33:17,76.215
1759440807.173146,16:33:27,76.205
1759440817.239405,16:33:37,76.303
1759440827.312697,16:33:47,76.285
1759440837.379847,16:33:57,76.256
1759440847.446576,16:34:07,76.279
1759440857.516103,16:34:17,76.197
1759440867.582637,16:34:27,76.224
1759440877.650085,16:34:37,76.266
1759440887.719119,16:34:47,76.295
1759440897.785488,16:34:57,76.268
1759440907.852476,16:35:07,76.264
1759440917.924048,16:35:17,76.252
1759440927.990156,16:35:27,76.275
1759440938.071696,16:35:38,76.169
1759440948.162614,16:35:48,76.193
1759440958.228833,16:35:58,76.230
1759440968.295268,16:36:08,76.213
1759440978.369759,16:36:18,76.278
1759440988.436472,16:36:28,76.262
1759440998.50279,16:36:38,76.241
1759441008.573681,16:36:48,76.180
1759441018.641454,16:36:58,76.266
1759441028.708472,16:37:08,76.291
1759441038.782043,16:37:18,76.259
1759441048.84832,16:37:28,76.272
1759441058.915651,16:37:38,76.268
1759441068.989232,16:37:48,76.285
1759441079.072862,16:37:59,76.190
1759441089.168472,16:38:09,76.228
1759441099.246453,16:38:19,76.269
1759441109.313177,16:38:29,76.259
1759441119.379863,16:38:39,76.239
1759441129.451184,16:38:49,76.205
1759441139.517999,16:38:59,76.266
1759441149.585079,16:39:09,76.290
1759441159.655621,16:39:19,76.283
1759441169.722217,16:39:29,76.306
1759441179.788873,16:39:39,76.297
1759441189.86231,16:39:49,76.277
1759441199.928992,16:39:59,76.271
1759441209.995365,16:40:09,76.295
1759441220.08358,16:40:20,76.188
1759441230.176971,16:40:30,76.192
1759441240.243586,16:40:40,76.259
1759441250.314554,16:40:50,76.252
1759441260.380828,16:41:00,76.202
1759441270.446981,16:41:10,76.257
1759441280.517729,16:41:20,76.267
1759441290.583943,16:41:30,76.247
1759441300.650258,16:41:40,76.214
1759441310.723372,16:41:50,76.244
1759441320.789996,16:42:00,76.281
1759441330.856194,16:42:10,76.274
1759441340.929389,16:42:20,76.266
1759441350.99594,16:42:30,76.246
1759441361.077755,16:42:41,76.198
1759441371.157561,16:42:51,76.190
1759441381.236988,16:43:01,76.226
1759441391.303514,16:43:11,76.274
1759441401.374102,16:43:21,76.239
1759441411.44059,16:43:31,76.248
1759441421.507187,16:43:41,76.235
1759441431.57848,16:43:51,76.276
1759441441.644828,16:44:01,76.275
1759441451.711069,16:44:11,76.287
1759441461.782532,16:44:21,76.211
1759441471.84899,16:44:31,76.277
1759441481.915324,16:44:41,76.264
1759441491.984585,16:44:51,76.260
1759441502.058474,16:45:02,76.234
1759441512.124919,16:45:12,76.267
1759441522.222642,16:45:22,76.212
1759441532.288993,16:45:32,76.255
1759441542.355503,16:45:42,76.233
1759441552.424873,16:45:52,76.267
1759441562.491339,16:46:02,76.259
1759441572.558036,16:46:12,76.201
1759441582.630834,16:46:22,76.222
1759441592.697167,16:46:32,76.265
1759441602.764304,16:46:42,76.217
1759441612.835863,16:46:52,76.263
1759441622.902177,16:47:02,76.219
1759441632.96835,16:47:12,76.259
1759441643.038189,16:47:23,76.253
1759441653.104432,16:47:33,76.241
1759441663.170896,16:47:43,76.255
1759441673.260328,16:47:53,76.195
1759441683.327196,16:48:03,76.259
1759441693.393454,16:48:13,76.237
1759441703.470835,16:48:23,76.255
1759441713.537473,16:48:33,76.260
1759441723.604063,16:48:43,76.215
1759441733.673991,16:48:53,76.191
1759441743.741007,16:49:03,76.212
1759441753.807374,16:49:13,76.201
1759441763.88525,16:49:23,76.179
1759441773.951841,16:49:33,76.196
1759441784.018198,16:49:44,76.259
1759441794.09121,16:49:54,76.198
1759441804.15793,16:50:04,76.272
1759441814.255563,16:50:14,76.212
1759441824.327567,16:50:24,76.256
1759441834.394313,16:50:34,76.260
1759441844.46083,16:50:44,76.226
1759441854.532165,16:50:54,76.188
1759441864.598681,16:51:04,76.219
1759441874.665251,16:51:14,76.260
1759441884.733779,16:51:24,76.206
1759441894.805452,16:51:34,76.212
1759441904.871749,16:51:44,76.220
1759441914.946848,16:51:54,76.212
1759441925.01338,16:52:05,76.253
1759441935.086465,16:52:15,76.206
1759441945.155806,16:52:25,76.087
1759441955.246059,16:52:35,75.918
1759441965.312774,16:52:45,75.869
1759441975.382614,16:52:55,75.825
1759441985.449386,16:53:05,75.727
1759441995.516428,16:53:15,75.654
1759442005.587827,16:53:25,75.606
1759442015.654488,16:53:35,75.644
1759442025.720764,16:53:45,75.681
1759442035.790956,16:53:55,75.696
1759442045.85797,16:54:05,75.700
1759442055.924215,16:54:15,75.617
1759442065.992948,16:54:25,75.616
1759442076.066124,16:54:36,75.604
1759442086.132559,16:54:46,75.679
1759442096.207662,16:54:56,75.589
1759442106.460719,16:55:06,75.594
1759442116.527196,16:55:16,75.670
1759442126.596686,16:55:26,75.662
1759442136.663477,16:55:36,75.665
1759442146.729846,16:55:46,75.682
1759442156.800141,16:55:56,75.648
1759442166.866893,16:56:06,75.635
1759442176.933271,16:56:16,75.660
1759442187.006186,16:56:27,75.669
1759442197.089368,16:56:37,75.587
1759442207.156403,16:56:47,75.631
1759442217.22535,16:56:57,75.553
1759442227.31031,16:57:07,75.569
1759442237.376677,16:57:17,75.613
1759442247.448814,16:57:27,75.622
1759442257.515386,16:57:37,75.642
1759442267.581903,16:57:47,75.585
1759442277.654038,16:57:57,75.629
1759442287.720275,16:58:07,75.622
1759442297.787235,16:58:17,75.565
1759442307.856843,16:58:27,75.641
1759442317.923503,16:58:37,75.624
1759442327.990242,16:58:47,75.607
1759442338.061371,16:58:58,75.636
1759442348.127951,16:59:08,75.599
1759442358.19539,16:59:18,75.605
1759442368.27283,16:59:28,75.591
1759442378.359276,16:59:38,75.556
1759442388.425813,16:59:48,75.607
1759442398.497338,16:59:58,75.596
1759442408.563502,17:00:08,75.582
1759442418.629943,17:00:18,75.598
1759442428.69959,17:00:28,75.586
1759442438.766273,17:00:38,75.570
1759442448.833001,17:00:48,75.527
1759442458.903464,17:00:58,75.568
1759442468.970152,17:01:08,75.551
1759442479.036309,17:01:19,75.494
1759442489.107807,17:01:29,75.410
1759442499.175381,17:01:39,75.438
1759442509.241519,17:01:49,75.508
1759442519.341988,17:01:59,75.416
1759442529.408628,17:02:09,75.458
1759442539.47501,17:02:19,75.419
1759442549.546361,17:02:29,75.420
1759442559.612937,17:02:39,75.341
1759442569.679704,17:02:49,75.295
1759442579.753053,17:02:59,75.274
1759442589.819631,17:03:09,75.335
1759442599.886083,17:03:19,75.365
1759442609.954701,17:03:29,75.302
1759442620.020874,17:03:40,75.320
1759442630.096037,17:03:50,75.277
1759442640.165469,17:04:00,75.249
1759442650.232548,17:04:10,75.293
1759442660.299493,17:04:20,75.264
1759442670.3974,17:04:30,75.190
1759442680.463541,17:04:40,75.251
1759442690.530064,17:04:50,75.260
1759442700.599757,17:05:00,75.224
1759442710.666667,17:05:10,75.207
1759442720.733006,17:05:20,75.210
1759442730.811159,17:05:30,75.208
1759442740.877673,17:05:40,75.196
1759442750.944254,17:05:50,75.117
1759442761.014799,17:06:01,75.199
1759442771.097537,17:06:11,75.152
1759442781.164075,17:06:21,75.178
1759442791.235002,17:06:31,75.187
1759442801.301231,17:06:41,75.174
1759442811.393168,17:06:51,75.135
1759442821.461866,17:07:01,75.131
1759442831.528091,17:07:11,75.163
1759442841.594543,17:07:21,75.125
1759442851.663467,17:07:31,75.173
1759442861.73005,17:07:41,75.128
1759442871.796389,17:07:51,75.132
1759442881.865549,17:08:01,75.088
1759442891.932036,17:08:11,75.165
1759442901.998494,17:08:21,75.161
1759442912.070734,17:08:32,75.146
1759442922.137627,17:08:42,75.111
1759442932.203907,17:08:52,75.137
1759442942.279335,17:09:02,75.024
1759442952.353576,17:09:12,75.006
1759442962.435548,17:09:22,75.014
1759442972.505875,17:09:32,75.066
1759442982.572242,17:09:42,75.015
1759442992.639039,17:09:52,75.047
1759443002.71152,17:10:02,75.032
1759443012.778095,17:10:12,75.027
1759443022.845328,17:10:22,74.993
1759443032.915378,17:10:32,75.047
1759443042.981618,17:10:42,75.027
1759443053.048052,17:10:53,75.021
1759443063.120364,17:11:03,74.931
1759443073.186724,17:11:13,75.004
1759443083.25353,17:11:23,74.969
1759443093.322935,17:11:33,75.033
1759443103.415404,17:11:43,74.957
1759443113.481708,17:11:53,75.012
1759443123.55334,17:12:03,74.992
1759443133.620261,17:12:13,74.947
1759443143.686563,17:12:23,75.002
1759443153.756373,17:12:33,75.002
1759443163.822611,17:12:43,74.995
1759443173.889241,17:12:53,74.991
1759443183.960328,17:13:03,74.989
1759443194.026813,17:13:14,74.963
1759443204.104387,17:13:24,74.917
1759443214.17457,17:13:34,74.979
1759443224.241626,17:13:44,74.961
1759443234.308246,17:13:54,74.951
1759443244.392585,17:14:04,74.889
1759443254.4646,17:14:14,74.907
1759443264.530661,17:14:24,74.917
1759443274.601575,17:14:34,74.972
1759443284.668438,17:14:44,74.961
1759443294.734973,17:14:54,74.975
1759443304.806487,17:15:04,74.895
1759443314.873343,17:15:14,74.943
1759443324.939895,17:15:24,74.945
1759443335.011261,17:15:35,74.913
1759443345.08083,17:15:45,74.925
1759443355.147262,17:15:55,74.896
1759443365.217307,17:16:05,74.937
1759443375.283694,17:16:15,74.870
1759443385.350171,17:16:25,74.887
1759443395.453865,17:16:35,74.832
1759443405.520173,17:16:45,74.883
1759443415.586381,17:16:55,74.875
1759443425.655175,17:17:05,74.895
1759443435.721207,17:17:15,74.868
1759443445.787564,17:17:25,74.893
1759443455.86361,17:17:35,74.863
1759443465.930181,17:17:45,74.894
1759443475.996409,17:17:55,74.908
1759443486.065944,17:18:06,74.831
1759443496.13209,17:18:16,74.855
1759443506.19866,17:18:26,74.899
1759443516.267628,17:18:36,74.896
1759443526.333961,17:18:46,74.882
1759443536.40046,17:18:56,74.879
1759443546.484536,17:19:06,74.838
1759443556.550518,17:19:16,74.928
1759443566.616724,17:19:26,74.871
1759443576.691304,17:19:36,74.916
1759443586.757571,17:19:46,74.881
1759443596.824631,17:19:56,74.910
1759443606.897908,17:20:06,74.871
1759443616.964221,17:20:16,74.853
1759443627.030717,17:20:27,74.923
1759443637.114672,17:20:37,74.857
1759443647.181264,17:20:47,74.862
1759443657.247724,17:20:57,74.859
1759443667.319868,17:21:07,74.862
1759443677.386003,17:21:17,74.814
1759443687.476497,17:21:27,74.832
1759443697.548258,17:21:37,74.806
1759443707.614612,17:21:47,74.901
1759443717.681011,17:21:57,74.862
1759443727.750973,17:22:07,74.851
1759443737.817331,17:22:17,74.838
1759443747.883766,17:22:27,74.858
1759443757.955155,17:22:37,74.846
1759443768.022407,17:22:48,74.798
1759443778.101552,17:22:58,74.833
1759443788.17423,17:23:08,74.857
1759443798.240889,17:23:18,74.856
1759443808.307313,17:23:28,74.875
1759443818.380197,17:23:38,74.812
1759443828.446767,17:23:48,74.843
1759443838.535813,17:23:58,74.756
1759443848.610707,17:24:08,74.786
1759443858.677523,17:24:18,74.836
1759443868.744648,17:24:28,74.852
1759443878.813614,17:24:38,74.863
1759443888.880596,17:24:48,74.841
1759443898.947046,17:24:58,74.799
1759443909.020495,17:25:09,74.857
1759443919.095166,17:25:19,74.802
1759443929.161764,17:25:29,74.822
1759443939.232305,17:25:39,74.793
1759443949.298495,17:25:49,74.815
1759443959.365041,17:25:59,74.814
1759443969.435988,17:26:09,74.760
1759443979.516943,17:26:19,74.732
1759443989.595646,17:26:29,74.738
1759443999.666034,17:26:39,74.811
1759444009.732239,17:26:49,74.785
1759444019.799324,17:26:59,74.744
1759444029.868718,17:27:09,74.760
1759444039.935009,17:27:19,74.759
1759444050.002023,17:27:30,74.754
1759444060.072332,17:27:40,74.750
1759444070.138566,17:27:50,74.817
1759444080.205514,17:28:00,74.716
1759444090.276096,17:28:10,74.720
1759444100.342335,17:28:20,74.782
1759444110.409551,17:28:30,74.700
1759444120.481221,17:28:40,74.715
1759444130.576941,17:28:50,74.669
1759444140.643384,17:29:00,74.728
1759444150.712178,17:29:10,74.756
1759444160.778836,17:29:20,74.687
1759444170.846143,17:29:30,74.755
1759444180.91599,17:29:40,74.732
1759444190.982083,17:29:50,74.706
1759444201.048748,17:30:01,74.720
1759444211.123179,17:30:11,74.667
1759444221.190131,17:30:21,74.680
1759444231.256822,17:30:31,74.706
1759444241.327948,17:30:41,74.703
1759444251.394732,17:30:51,74.735
1759444261.461719,17:31:01,74.702
1759444271.536698,17:31:11,74.741
1759444281.6223,17:31:21,74.678
1759444291.688738,17:31:31,74.727
1759444301.761309,17:31:41,74.687
1759444311.8283,17:31:51,74.723
1759444321.894667,17:32:01,74.661
1759444331.965012,17:32:11,74.738
1759444342.031848,17:32:22,74.736
1759444352.110362,17:32:32,74.667
1759444362.180217,17:32:42,74.679
1759444372.246749,17:32:52,74.684
1759444382.312915,17:33:02,74.662
1759444392.383817,17:33:12,74.706
1759444402.45083,17:33:22,74.751
1759444412.517271,17:33:32,74.674
1759444422.614764,17:33:42,74.634
1759444432.681463,17:33:52,74.692
1759444442.747743,17:34:02,74.652
1759444452.817265,17:34:12,74.696
1759444462.883856,17:34:22,74.632
1759444472.950369,17:34:32,74.703
1759444483.019261,17:34:43,74.655
1759444493.085897,17:34:53,74.656
1759444503.15222,17:35:03,74.692
1759444513.220933,17:35:13,74.711
1759444523.287179,17:35:23,74.680
1759444533.353692,17:35:33,74.668
1759444543.42511,17:35:43,74.635
1759444553.491352,17:35:53,74.627
1759444563.558356,17:36:03,74.532
1759444573.650681,17:36:13,74.546
1759444583.716967,17:36:23,74.591
1759444593.783357,17:36:33,74.553
1759444603.854361,17:36:43,74.648
1759444613.920895,17:36:53,74.654
1759444623.987296,17:37:03,74.644
1759444634.058058,17:37:14,74.607
1759444644.124353,17:37:24,74.602
1759444654.190956,17:37:34,74.582
1759444664.265386,17:37:44,74.644
1759444674.331659,17:37:54,74.660
1759444684.398081,17:38:04,74.662
1759444694.471869,17:38:14,74.639
1759444704.538316,17:38:24,74.632
1759444714.639996,17:38:34,74.591
1759444724.710111,17:38:44,74.579
1759444734.776312,17:38:54,74.641
1759444744.843121,17:39:04,74.618
1759444754.914857,17:39:14,74.606
1759444764.98115,17:39:24,74.638
1759444775.048323,17:39:35,74.630
1759444785.131756,17:39:45,74.577
1759444795.198011,17:39:55,74.627
1759444805.264395,17:40:05,74.631
1759444815.338759,17:40:15,74.639
1759444825.405149,17:40:25,74.613
1759444835.471557,17:40:35,74.542
1759444845.545464,17:40:45,74.586
1759444855.612357,17:40:55,74.626
1759444865.695957,17:41:05,74.564
1759444875.767489,17:41:15,74.532
1759444885.833931,17:41:25,74.552
1759444895.900956,17:41:35,74.565
1759444905.974055,17:41:45,74.504
1759444916.04039,17:41:56,74.534
1759444926.119514,17:42:06,74.477
1759444936.189681,17:42:16,74.462
1759444946.256049,17:42:26,74.566
1759444956.322794,17:42:36,74.568
1759444966.392353,17:42:46,74.581
1759444976.458875,17:42:56,74.600
1759444986.525512,17:43:06,74.520
1759444996.59888,17:43:16,74.530
1759445006.693876,17:43:26,74.519
1759445016.760142,17:43:36,74.504
1759445026.835941,17:43:46,74.525
1759445036.902567,17:43:56,74.551
1759445046.969266,17:44:06,74.482
1759445057.042709,17:44:17,74.526
1759445067.119622,17:44:27,74.472
1759445077.186071,17:44:37,74.489
1759445087.25689,17:44:47,74.487
1759445097.32334,17:44:57,74.508
1759445107.389914,17:45:07,74.512
1759445117.459777,17:45:17,74.505
1759445127.526347,17:45:27,74.507
1759445137.59258,17:45:37,74.448
1759445147.673119,17:45:47,74.467
1759445157.759639,17:45:57,74.442
1759445167.82633,17:46:07,74.522
1759445177.898404,17:46:17,74.396
1759445187.965194,17:46:27,74.486
1759445198.031597,17:46:38,74.430
1759445208.102766,17:46:48,74.481
1759445218.169095,17:46:58,74.505
1759445228.235877,17:47:08,74.504
1759445238.309554,17:47:18,74.431
1759445248.375896,17:47:28,74.487
1759445258.44261,17:47:38,74.447
1759445268.512462,17:47:48,74.476
1759445278.578873,17:47:58,74.446
1759445288.645954,17:48:08,74.434
1759445298.746773,17:48:18,74.335
1759445308.817147,17:48:28,74.362
1759445318.88404,17:48:38,74.359
1759445328.953559,17:48:48,74.395
1759445339.020123,17:48:59,74.340
1759445349.086937,17:49:09,74.326
1759445359.158574,17:49:19,74.285
1759445369.224713,17:49:29,74.352
1759445379.291723,17:49:39,74.321
1759445389.365263,17:49:49,74.277
1759445399.432051,17:49:59,74.299
1759445409.498572,17:50:09,74.357
1759445419.568264,17:50:19,74.320
1759445429.635373,17:50:29,74.319
1759445439.711657,17:50:39,74.303
1759445449.802195,17:50:49,74.300
1759445459.868631,17:50:59,74.359
1759445469.935873,17:51:09,74.379
1759445480.006667,17:51:20,74.333
1759445490.072922,17:51:30,74.315
1759445500.140339,17:51:40,74.316
1759445510.209157,17:51:50,74.378
1759445520.276325,17:52:00,74.371
1759445530.343227,17:52:10,74.374
1759445540.417315,17:52:20,74.322
1759445550.483627,17:52:30,74.348
1759445560.549889,17:52:40,74.353
1759445570.619894,17:52:50,74.281
1759445580.686135,17:53:00,74.264
1759445590.775958,17:53:10,74.273
1759445600.853377,17:53:20,74.327
1759445610.920447,17:53:30,74.348
1759445620.986683,17:53:40,74.318
1759445631.058254,17:53:51,74.301
1759445641.13946,17:54:01,74.276
1759445651.205951,17:54:11,74.274
1759445661.274942,17:54:21,74.257
1759445671.341328,17:54:31,74.276
1759445681.408058,17:54:41,74.308
1759445691.47955,17:54:51,74.265
1759445701.546188,17:55:01,74.266
1759445711.612999,17:55:11,74.293
1759445721.681632,17:55:21,74.190
1759445731.771918,17:55:31,74.168
1759445741.838468,17:55:41,74.204
1759445751.908136,17:55:51,74.204
1759445761.974565,17:56:01,74.207
1759445772.04101,17:56:12,74.175
1759445782.114984,17:56:22,74.178
1759445792.181673,17:56:32,74.165
1759445802.248116,17:56:42,74.251
1759445812.318866,17:56:52,74.155
1759445822.384985,17:57:02,74.189
1759445832.451378,17:57:12,74.229
1759445842.52147,17:57:22,74.217
1759445852.587782,17:57:32,74.176
1759445862.654238,17:57:42,74.224
1759445872.726012,17:57:52,74.224
1759445882.819938,17:58:02,74.165
1759445892.886243,17:58:12,74.226
1759445902.962068,17:58:22,74.154
1759445913.028388,17:58:33,74.164
1759445923.094547,17:58:43,74.127
1759445933.168388,17:58:53,74.133
1759445943.234633,17:59:03,74.131
1759445953.30095,17:59:13,74.152
1759445963.370727,17:59:23,74.161
1759445973.43706,17:59:33,74.171
1759445983.504116,17:59:43,74.164
1759445993.577195,17:59:53,74.072
1759446003.643896,18:00:03,74.115
1759446013.710669,18:00:13,74.137
1759446023.799123,18:00:23,74.025
1759446033.86579,18:00:33,74.080
1759446043.932136,18:00:43,74.065
1759446054.002593,18:00:54,74.116
1759446064.069176,18:01:04,74.099
1759446074.145137,18:01:14,74.051
1759446084.222011,18:01:24,74.028
1759446094.28895,18:01:34,74.091
1759446104.355525,18:01:44,74.129
1759446114.429415,18:01:54,74.116
1759446124.495755,18:02:04,74.059
1759446134.562334,18:02:14,74.117
1759446144.631971,18:02:24,74.109
1759446154.698669,18:02:34,74.120
1759446164.765372,18:02:44,74.111
1759446174.853083,18:02:54,74.058
1759446184.919561,18:03:04,74.083
1759446194.986151,18:03:14,74.096
1759446205.059701,18:03:25,74.084
1759446215.138758,18:03:35,74.041
1759446225.205019,18:03:45,74.108
1759446235.276718,18:03:55,74.061
1759446245.343491,18:04:05,74.044
1759446255.409718,18:04:15,74.107
1759446265.482968,18:04:25,74.080
1759446275.549635,18:04:35,74.140
1759446285.616473,18:04:45,74.132
1759446295.686409,18:04:55,74.114
1759446305.753548,18:05:05,74.120
1759446315.840037,18:05:15,74.068
1759446325.913196,18:05:25,74.120
1759446335.980179,18:05:35,74.117
1759446346.046628,18:05:46,74.075
1759446356.119387,18:05:56,74.097
1759446366.18632,18:06:06,74.173
1759446376.2529,18:06:16,74.127
1759446386.325676,18:06:26,74.165
1759446396.392015,18:06:36,74.123
1759446406.458684,18:06:46,74.079
1759446416.532261,18:06:56,74.110
1759446426.598367,18:07:06,74.118
1759446436.664891,18:07:16,74.121
1759446446.735766,18:07:26,74.055
1759446456.802057,18:07:36,74.121
1759446466.885819,18:07:46,74.063
1759446476.955936,18:07:56,74.152
1759446487.022308,18:08:07,74.091
1759446497.089562,18:08:17,74.128
1759446507.161213,18:08:27,74.110
1759446517.227684,18:08:37,74.113
1759446527.29471,18:08:47,74.135
1759446537.364346,18:08:57,74.122
1759446547.430737,18:09:07,74.114
1759446557.497006,18:09:17,74.094
1759446567.570058,18:09:27,74.027
1759446577.636252,18:09:37,74.056
1759446587.703412,18:09:47,74.131
1759446597.774428,18:09:57,74.070
1759446607.840815,18:10:07,74.070
1759446617.927171,18:10:17,74.065
1759446627.999275,18:10:27,74.033
1759446638.065634,18:10:38,74.084
1759446648.14466,18:10:48,74.046
1759446658.215018,18:10:58,74.097
1759446668.281614,18:11:08,74.089
1759446678.348806,18:11:18,74.077
1759446688.418301,18:11:28,74.049
1759446698.484494,18:11:38,74.087
1759446708.55088,18:11:48,74.091
1759446718.62492,18:11:58,74.050
1759446728.69136,18:12:08,74.075
1759446738.758019,18:12:18,74.089
1759446748.829592,18:12:28,74.064
1759446758.924259,18:12:38,74.009
1759446768.990725,18:12:48,74.035
1759446779.064032,18:12:59,74.065
1759446789.142729,18:13:09,74.053
1759446799.20952,18:13:19,74.052
1759446809.27902,18:13:29,74.082
1759446819.347808,18:13:39,74.050
1759446829.414493,18:13:49,74.063
1759446839.491762,18:13:59,74.047
1759446849.558336,18:14:09,73.985
1759446859.624562,18:14:19,73.977
1759446869.696302,18:14:29,74.020
1759446879.762446,18:14:39,74.037
1759446889.828574,18:14:49,73.979
1759446899.923206,18:14:59,74.001
1759446909.989858,18:15:09,74.037
1759446920.056319,18:15:20,74.048
1759446930.126872,18:15:30,74.050
1759446940.193454,18:15:40,74.023
1759446950.259777,18:15:50,74.035
1759446960.328993,18:16:00,73.984
1759446970.395554,18:16:10,74.015
1759446980.461874,18:16:20,74.054
1759446990.532041,18:16:30,74.049
1759447000.598642,18:16:40,73.977
1759447010.665059,18:16:50,74.045
1759447020.738146,18:17:00,74.020
1759447030.804711,18:17:10,74.048
1759447040.871051,18:17:20,73.991
1759447050.96011,18:17:30,73.991
1759447061.026838,18:17:41,73.997
1759447071.093637,18:17:51,74.042
1759447081.164164,18:18:01,73.963
1759447091.230983,18:18:11,73.969
1759447101.297267,18:18:21,74.012
1759447111.366703,18:18:31,73.948
1759447121.433001,18:18:41,74.002
1759447131.499551,18:18:51,74.017
1759447141.568478,18:19:01,73.992
1759447151.635146,18:19:11,74.035
1759447161.701377,18:19:21,73.993
1759447171.77184,18:19:31,73.980
1759447181.838245,18:19:41,74.011
1759447191.905042,18:19:51,73.960
1759447202.003301,18:20:02,73.946
1759447212.069541,18:20:12,73.982
1759447222.140858,18:20:22,74.011
1759447232.209735,18:20:32,73.975
1759447242.276666,18:20:42,74.039
1759447252.343126,18:20:52,73.993
1759447262.413748,18:21:02,74.020
1759447272.480217,18:21:12,73.979
1759447282.546992,18:21:22,74.015
1759447292.620812,18:21:32,73.946
1759447302.687063,18:21:42,74.006
1759447312.753564,18:21:52,73.944
1759447322.827667,18:22:02,74.015
1759447332.893672,18:22:12,73.984
1759447342.978438,18:22:22,73.934
1759447353.052224,18:22:33,74.013
1759447363.118857,18:22:43,74.009
1759447373.18554,18:22:53,74.034
1759447383.255304,18:23:03,73.973
1759447393.321511,18:23:13,74.005
1759447403.387701,18:23:23,73.973
1759447413.460323,18:23:33,73.981
1759447423.526547,18:23:43,73.916
1759447433.593249,18:23:53,74.014
1759447443.663736,18:24:03,73.970
1759447453.729881,18:24:13,73.991
1759447463.796684,18:24:23,73.965
1759447473.86861,18:24:33,73.952
1759447483.945213,18:24:43,73.885
1759447494.030639,18:24:54,73.909
1759447504.101051,18:25:04,73.967
1759447514.167392,18:25:14,73.897
1759447524.233923,18:25:24,73.977
1759447534.307102,18:25:34,73.914
1759447544.373605,18:25:44,73.990
1759447554.440045,18:25:54,73.992
1759447564.514544,18:26:04,74.000
1759447574.58068,18:26:14,73.969
1759447584.646836,18:26:24,73.905
1759447594.719119,18:26:34,73.949
1759447604.78539,18:26:44,73.965
1759447614.851613,18:26:54,73.930
1759447624.922984,18:27:04,73.968
1759447635.010542,18:27:15,73.905
1759447645.076838,18:27:25,73.945
1759447655.155643,18:27:35,73.935
1759447665.222461,18:27:45,73.957
1759447675.288858,18:27:55,73.907
1759447685.361337,18:28:05,73.921
1759447695.427651,18:28:15,73.932
1759447705.49391,18:28:25,73.911
1759447715.564956,18:28:35,73.945
1759447725.631254,18:28:45,73.876
1759447735.697615,18:28:55,73.980
1759447745.768949,18:29:05,73.928
1759447755.835593,18:29:15,73.937
1759447765.903225,18:29:25,73.903
1759447775.981397,18:29:35,73.840
1759447786.064515,18:29:46,73.881
1759447796.131181,18:29:56,73.926
1759447806.201487,18:30:06,73.894
1759447816.26839,18:30:16,73.934
1759447826.334613,18:30:26,73.922
1759447836.405101,18:30:36,73.897
1759447846.472111,18:30:46,73.902
1759447856.538374,18:30:56,73.924
1759447866.611904,18:31:06,73.921
1759447876.678716,18:31:16,73.921
1759447886.745078,18:31:26,73.850
1759447896.816488,18:31:36,73.857
1759447906.884338,18:31:46,73.908
1759447916.950842,18:31:56,73.889
1759447927.049357,18:32:07,73.861
1759447937.115616,18:32:17,73.842
1759447947.181904,18:32:27,73.925
1759447957.252219,18:32:37,73.925
1759447967.319217,18:32:47,73.948
1759447977.385736,18:32:57,73.886
1759447987.454803,18:33:07,73.928
1759447997.521213,18:33:17,73.902
1759448007.588314,18:33:27,73.869
1759448017.657337,18:33:37,73.903
1759448027.724142,18:33:47,73.904
1759448037.790643,18:33:57,73.906
1759448047.861102,18:34:07,73.897
1759448057.927421,18:34:17,73.894
1759448067.994023,18:34:27,73.907
1759448078.091466,18:34:38,73.835
1759448088.173142,18:34:48,73.872
1759448098.239541,18:34:58,73.848
1759448108.312384,18:35:08,73.865
1759448118.379259,18:35:18,73.875
1759448128.445577,18:35:28,73.894
1759448138.514573,18:35:38,73.823
1759448148.581708,18:35:48,73.838
1759448158.648051,18:35:58,73.885
1759448168.716568,18:36:08,73.854
1759448178.782735,18:36:18,73.879
1759448188.8492,18:36:28,73.855
1759448198.923478,18:36:38,73.811
1759448208.989827,18:36:48,73.859
1759448219.079383,18:36:59,73.788
1759448229.150492,18:37:09,73.841
1759448239.216703,18:37:19,73.880
1759448249.282895,18:37:29,73.832
1759448259.351726,18:37:39,73.877
1759448269.417983,18:37:49,73.856
1759448279.484209,18:37:59,73.863
1759448289.556974,18:38:09,73.800
1759448299.623754,18:38:19,73.861
1759448309.689953,18:38:29,73.839
1759448319.76352,18:38:39,73.774
1759448329.829887,18:38:49,73.849
1759448339.896367,18:38:59,73.822
1759448349.967255,18:39:09,73.808
1759448360.033713,18:39:20,73.874
1759448370.119858,18:39:30,73.779
1759448380.197139,18:39:40,73.806
1759448390.263795,18:39:50,73.789
1759448400.330137,18:40:00,73.827
1759448410.403579,18:40:10,73.846
1759448420.470068,18:40:20,73.849
1759448430.536702,18:40:30,73.830
1759448440.608345,18:40:40,73.839
1759448450.674709,18:40:50,73.783
1759448460.741397,18:41:00,73.798
1759448470.811849,18:41:10,73.855
1759448480.878558,18:41:20,73.808
1759448490.944926,18:41:30,73.795
1759448501.013816,18:41:41,73.833
1759448511.113116,18:41:51,73.763
1759448521.185226,18:42:01,73.756
1759448531.258862,18:42:11,73.788
1759448541.325161,18:42:21,73.839
1759448551.392002,18:42:31,73.820
1759448561.467371,18:42:41,73.844
1759448571.534206,18:42:51,73.783
1759448581.600442,18:43:01,73.767
1759448591.67322,18:43:11,73.816
1759448601.739464,18:43:21,73.793
1759448611.806216,18:43:31,73.785
1759448621.87562,18:43:41,73.841
1759448631.942202,18:43:51,73.828
1759448642.009234,18:44:02,73.830
1759448652.083914,18:44:12,73.804
1759448662.178697,18:44:22,73.759
1759448672.244834,18:44:32,73.821
1759448682.314342,18:44:42,73.830
1759448692.380509,18:44:52,73.792
1759448702.447585,18:45:02,73.812
1759448712.518425,18:45:12,73.803
1759448722.584974,18:45:22,73.799
1759448732.651835,18:45:32,73.775
1759448742.722987,18:45:42,73.782
1759448752.789683,18:45:52,73.810
1759448762.856727,18:46:02,73.793
1759448772.927535,18:46:12,73.821
1759448782.99458,18:46:22,73.746
1759448793.060965,18:46:33,73.785
1759448803.15353,18:46:43,73.708
1759448813.224382,18:46:53,73.733
1759448823.290822,18:47:03,73.740
1759448833.360436,18:47:13,73.777
1759448843.427143,18:47:23,73.811
1759448853.493765,18:47:33,73.801
1759448863.565129,18:47:43,73.812
1759448873.632038,18:47:53,73.759
1759448883.698536,18:48:03,73.786
1759448893.770619,18:48:13,73.712
1759448903.837169,18:48:23,73.741
1759448913.903638,18:48:33,73.784
1759448923.976784,18:48:43,73.758
1759448934.04313,18:48:54,73.739
1759448944.109833,18:49:04,73.788
1759448954.210723,18:49:14,73.695
1759448964.276996,18:49:24,73.723
1759448974.34327,18:49:34,73.776
1759448984.412046,18:49:44,73.762
1759448994.478722,18:49:54,73.750
1759449004.545774,18:50:04,73.723
1759449014.616464,18:50:14,73.779
1759449024.683189,18:50:24,73.762
1759449034.750111,18:50:34,73.741
1759449044.82583,18:50:44,73.750
1759449054.892338,18:50:54,73.749
1759449064.958852,18:51:04,73.740
1759449075.032401,18:51:15,73.745
1759449085.09942,18:51:25,73.724
1759449095.205845,18:51:35,73.677
1759449105.279374,18:51:45,73.678
1759449115.346184,18:51:55,73.747
1759449125.41266,18:52:05,73.739
1759449135.48178,18:52:15,73.685
1759449145.548816,18:52:25,73.693
1759449155.615382,18:52:35,73.668
1759449165.690887,18:52:45,73.642
1759449175.758372,18:52:55,73.664
1759449185.824766,18:53:05,73.691
1759449195.896671,18:53:15,73.641
1759449205.963668,18:53:25,73.707
1759449216.030099,18:53:36,73.658
1759449226.104348,18:53:46,73.712
1759449236.216218,18:53:56,73.665
1759449246.282565,18:54:06,73.671
1759449256.352978,18:54:16,73.726
1759449266.419029,18:54:26,73.713
1759449276.485631,18:54:36,73.647
1759449286.555225,18:54:46,73.678
1759449296.621609,18:54:56,73.670
1759449306.688297,18:55:06,73.703
1759449316.756563,18:55:16,73.708
1759449326.822731,18:55:26,73.615
1759449336.888925,18:55:36,73.671
1759449346.963346,18:55:46,73.675
1759449357.029628,18:55:57,73.628
1759449367.096321,18:56:07,73.681
1759449377.210424,18:56:17,73.633
1759449387.276548,18:56:27,73.644
1759449397.342972,18:56:37,73.702
1759449407.411736,18:56:47,73.675
1759449417.478306,18:56:57,73.678
1759449427.544665,18:57:07,73.628
1759449437.613631,18:57:17,73.682
1759449447.680135,18:57:27,73.691
1759449457.746482,18:57:37,73.678
1759449467.816005,18:57:47,73.666
1759449477.882671,18:57:57,73.641
1759449487.948883,18:58:07,73.660
1759449498.019092,18:58:18,73.656
1759449508.085504,18:58:28,73.597
1759449518.152362,18:58:38,73.661
1759449528.244306,18:58:48,73.578
1759449538.310565,18:58:58,73.585
1759449548.377585,18:59:08,73.635
1759449558.44634,18:59:18,73.644
1759449568.512912,18:59:28,73.586
1759449578.579849,18:59:38,73.642
1759449588.65038,18:59:48,73.633
1759449598.71752,18:59:58,73.634
1759449608.783982,19:00:08,73.598
1759449618.854226,19:00:18,73.590
1759449628.920914,19:00:28,73.575
1759449638.98712,19:00:38,73.652
1759449649.061006,19:00:49,73.583
1759449659.128126,19:00:59,73.605
1759449669.232504,19:01:09,73.561
1759449679.305026,19:01:19,73.556
1759449689.37157,19:01:29,73.640
1759449699.437873,19:01:39,73.597
1759449709.507552,19:01:49,73.604
1759449719.573901,19:01:59,73.585
1759449729.640776,19:02:09,73.621
1759449739.71094,19:02:19,73.612
1759449749.777438,19:02:29,73.575
1759449759.843608,19:02:39,73.614
1759449769.914078,19:02:49,73.598
1759449779.9812,19:02:59,73.562
1759449790.047825,19:03:10,73.613
1759449800.116987,19:03:20,73.584
1759449810.213725,19:03:30,73.549
1759449820.297836,19:03:40,73.552
1759449830.371785,19:03:50,73.535
1759449840.438239,19:04:00,73.587
1759449850.505083,19:04:10,73.579
1759449860.577582,19:04:20,73.533
1759449870.643676,19:04:30,73.562
1759449880.710192,19:04:40,73.523
1759449890.780518,19:04:50,73.564
1759449900.84694,19:05:00,73.561
1759449910.913729,19:05:10,73.569
1759449920.984808,19:05:20,73.571
1759449931.051385,19:05:31,73.588
1759449941.117975,19:05:41,73.562
1759449951.21386,19:05:51,73.506
1759449961.299524,19:06:01,73.505
1759449971.366771,19:06:11,73.553
1759449981.435318,19:06:21,73.564
1759449991.501707,19:06:31,73.565
1759450001.568876,19:06:41,73.509
1759450011.642333,19:06:51,73.480
1759450021.709019,19:07:01,73.544
1759450031.775717,19:07:11,73.486
1759450041.84469,19:07:21,73.540
1759450051.91102,19:07:31,73.486
1759450061.977556,19:07:41,73.510
1759450072.051617,19:07:52,73.524
1759450082.117929,19:08:02,73.478
1759450092.202132,19:08:12,73.443
1759450102.292707,19:08:22,73.469
1759450112.359269,19:08:32,73.488
1759450122.425402,19:08:42,73.499
1759450132.494668,19:08:52,73.531
1759450142.561483,19:09:02,73.510
1759450152.627804,19:09:12,73.441
1759450162.698406,19:09:22,73.493
1759450172.950439,19:09:32,73.462
1759450183.016918,19:09:43,73.507
1759450193.086621,19:09:53,73.510
1759450203.153622,19:10:03,73.477
1759450213.226638,19:10:13,73.528
1759450223.324123,19:10:23,73.467
1759450233.391043,19:10:33,73.506
1759450243.457767,19:10:43,73.519
1759450253.526477,19:10:53,73.477
1759450263.59255,19:11:03,73.519
1759450273.65892,19:11:13,73.512
1759450283.733371,19:11:23,73.474
1759450293.799771,19:11:33,73.441
1759450303.866137,19:11:43,73.490
1759450313.93797,19:11:53,73.495
1759450324.005195,19:12:04,73.511
1759450334.071578,19:12:14,73.469
1759450344.141983,19:12:24,73.461
1759450354.209153,19:12:34,73.400
1759450364.296138,19:12:44,73.404
1759450374.36992,19:12:54,73.466
1759450384.43626,19:13:04,73.411
1759450394.502782,19:13:14,73.416
1759450404.580186,19:13:24,73.458
1759450414.647133,19:13:34,73.394
1759450424.713853,19:13:44,73.421
1759450434.783683,19:13:54,73.380
1759450444.850218,19:14:04,73.441
1759450454.916773,19:14:14,73.408
1759450464.987465,19:14:24,73.411
1759450475.054114,19:14:35,73.461
1759450485.120943,19:14:45,73.408
1759450495.204695,19:14:55,73.358
1759450505.299519,19:15:05,73.364
1759450515.365898,19:15:15,73.361
1759450525.434615,19:15:25,73.366
1759450535.50094,19:15:35,73.359
1759450545.567339,19:15:45,73.426
1759450555.638908,19:15:55,73.433
1759450565.705534,19:16:05,73.446
1759450575.772148,19:16:15,73.424
1759450585.841033,19:16:25,73.424
1759450595.907739,19:16:35,73.414
1759450605.973929,19:16:45,73.378
1759450616.04726,19:16:56,73.398
1759450626.114089,19:17:06,73.400
1759450636.18448,19:17:16,73.345
1759450646.25476,19:17:26,73.354
1759450656.338949,19:17:36,73.331
1759450666.405154,19:17:46,73.337
1759450676.474329,19:17:56,73.406
1759450686.5412,19:18:06,73.420
1759450696.607576,19:18:16,73.400
1759450706.677899,19:18:26,73.395
1759450716.744259,19:18:36,73.397
1759450726.810552,19:18:46,73.327
1759450736.88153,19:18:56,73.371
1759450746.948159,19:19:06,73.380
1759450757.014705,19:19:17,73.391
1759450767.087582,19:19:27,73.402
1759450777.154084,19:19:37,73.392
1759450787.22056,19:19:47,73.251
1759450797.318004,19:19:57,73.329
1759450807.384421,19:20:07,73.330
1759450817.450928,19:20:17,73.361
1759450827.520907,19:20:27,73.328
1759450837.587352,19:20:37,73.328
1759450847.653899,19:20:47,73.378
1759450857.72712,19:20:57,73.287
1759450867.793832,19:21:07,73.308
1759450877.860343,19:21:17,73.329
1759450887.934776,19:21:27,73.302
1759450898.002056,19:21:38,73.355
1759450908.068717,19:21:48,73.312
1759450918.145416,19:21:58,73.348
1759450928.214229,19:22:08,73.309
1759450938.280958,19:22:18,73.326
1759450948.381871,19:22:28,73.289
1759450958.448121,19:22:38,73.287
1759450968.514326,19:22:48,73.346
1759450978.584298,19:22:58,73.243
1759450988.651225,19:23:08,73.315
1759450998.717723,19:23:18,73.289
1759451008.786556,19:23:28,73.235
1759451018.853054,19:23:38,73.328
1759451028.919351,19:23:48,73.248
1759451038.992134,19:23:58,73.307
1759451049.058816,19:24:09,73.277
1759451059.125359,19:24:19,73.260
1759451069.20893,19:24:29,73.273
1759451079.27539,19:24:39,73.292
1759451089.361342,19:24:49,73.246
1759451099.435682,19:24:59,73.228
1759451109.502244,19:25:09,73.231
1759451119.569141,19:25:19,73.223
1759451129.63872,19:25:29,73.246
1759451139.705353,19:25:39,73.275
1759451149.772265,19:25:49,73.267
1759451159.842666,19:25:59,73.286
1759451169.909045,19:26:09,73.204
1759451179.975425,19:26:19,73.223
1759451190.046335,19:26:30,73.174
1759451200.112582,19:26:40,73.226
1759451210.179533,19:26:50,73.262
1759451220.249336,19:27:00,73.298
1759451230.316187,19:27:10,73.193
1759451240.410956,19:27:20,73.153
1759451250.485638,19:27:30,73.232
1759451260.551951,19:27:40,73.216
1759451270.618345,19:27:50,73.228
1759451280.69159,19:28:00,73.190
1759451290.758364,19:28:10,73.206
1759451300.824633,19:28:20,73.215
1759451310.900678,19:28:30,73.227
1759451320.966953,19:28:40,73.183
1759451331.034194,19:28:51,73.214
1759451341.104205,19:29:01,73.262
1759451351.171216,19:29:11,73.173
1759451361.237597,19:29:21,73.117
1759451371.306609,19:29:31,73.211
1759451381.372723,19:29:41,73.199
1759451391.456718,19:29:51,73.150
1759451401.526753,19:30:01,73.195
1759451411.593474,19:30:11,73.200
1759451421.65966,19:30:21,73.177
1759451431.730069,19:30:31,73.197
1759451441.797175,19:30:41,73.156
1759451451.863709,19:30:51,73.215
1759451461.935451,19:31:01,73.188
1759451472.002056,19:31:12,73.159
1759451482.068477,19:31:22,73.147
1759451492.137466,19:31:32,73.173
1759451502.218473,19:31:42,73.132
1759451512.284707,19:31:52,73.134
1759451522.360362,19:32:02,73.154
1759451532.458854,19:32:12,73.086
1759451542.525704,19:32:22,73.103
1759451552.597091,19:32:32,73.161
1759451562.663493,19:32:42,73.159
1759451572.730163,19:32:52,73.097
1759451582.799661,19:33:02,73.088
1759451592.866362,19:33:12,73.092
1759451602.932869,19:33:22,73.100
1759451613.004915,19:33:33,73.060
1759451623.071458,19:33:43,73.134
1759451633.138013,19:33:53,73.116
1759451643.222872,19:34:03,73.036
1759451653.289235,19:34:13,73.128
1759451663.355899,19:34:23,73.129
1759451673.437912,19:34:33,73.078
1759451683.515634,19:34:43,73.060
1759451693.582219,19:34:53,73.121
1759451703.650801,19:35:03,73.049
1759451713.719062,19:35:13,73.119
1759451723.78571,19:35:23,73.098
1759451733.855725,19:35:33,73.075
1759451743.921988,19:35:43,73.047
1759451753.988678,19:35:53,73.046
1759451764.058773,19:36:04,73.018
1759451774.125021,19:36:14,73.007
1759451784.191858,19:36:24,73.021
1759451794.27065,19:36:34,73.099
1759451804.337028,19:36:44,73.085
1759451814.403578,19:36:54,73.049
1759451824.508131,19:37:04,73.000
1759451834.574785,19:37:14,73.052
1759451844.647454,19:37:24,73.016
1759451854.724619,19:37:34,73.044
1759451864.790906,19:37:44,73.082
1759451874.857381,19:37:54,73.044
1759451884.928018,19:38:04,73.021
1759451894.994567,19:38:14,73.034
1759451905.061538,19:38:25,73.031
1759451915.133693,19:38:35,72.995
1759451925.207492,19:38:45,72.970
1759451935.273943,19:38:55,72.984
1759451945.343515,19:39:05,73.012
1759451955.410319,19:39:15,73.000
1759451965.511696,19:39:25,72.942
1759451975.581848,19:39:35,72.981
1759451985.648852,19:39:45,72.920
1759451995.715028,19:39:55,72.948
1759452005.784037,19:40:05,72.980
1759452015.851037,19:40:15,72.990
1759452025.917777,19:40:25,72.976
1759452035.98909,19:40:35,72.985
1759452046.055921,19:40:46,72.987
1759452056.12204,19:40:56,72.996
1759452066.192114,19:41:06,72.998
1759452076.259162,19:41:16,73.003
1759452086.325621,19:41:26,72.993
1759452096.396263,19:41:36,72.990
1759452106.462759,19:41:46,72.990
1759452116.545755,19:41:56,72.910
1759452126.61612,19:42:06,72.939
1759452136.682589,19:42:16,72.921
1759452146.749088,19:42:26,72.956
1759452156.821759,19:42:36,72.935
1759452166.888378,19:42:46,72.948
1759452176.954653,19:42:56,72.938
1759452187.028906,19:43:07,72.948
1759452197.095449,19:43:17,72.917
1759452207.161665,19:43:27,72.901
1759452217.236329,19:43:37,72.887
1759452227.302734,19:43:47,72.941
1759452237.369255,19:43:57,72.897
1759452247.442952,19:44:07,72.933
1759452257.517669,19:44:17,72.918
1759452267.604701,19:44:27,72.890
1759452277.67902,19:44:37,72.871
1759452287.745511,19:44:47,72.958
1759452297.812769,19:44:57,72.901
1759452307.881741,19:45:07,72.928
1759452317.948095,19:45:17,72.915
1759452328.015424,19:45:28,72.909
1759452338.085485,19:45:38,72.914
1759452348.152127,19:45:48,72.921
1759452358.232432,19:45:58,72.888
1759452368.307536,19:46:08,72.860
1759452378.374486,19:46:18,72.925
1759452388.441366,19:46:28,72.814
1759452398.512018,19:46:38,72.835
1759452408.605629,19:46:48,72.822
1759452418.67212,19:46:58,72.916
1759452428.741731,19:47:08,72.885
1759452438.808396,19:47:18,72.830
1759452448.874871,19:47:28,72.858
1759452458.944378,19:47:38,72.859
1759452469.012493,19:47:49,72.855
1759452479.078797,19:47:59,72.863
1759452489.151642,19:48:09,72.863
1759452499.235711,19:48:19,72.814
1759452509.302168,19:48:29,72.828
1759452519.371736,19:48:39,72.858
1759452529.438577,19:48:49,72.848
1759452539.505131,19:48:59,72.819
1759452549.595996,19:49:09,72.774
1759452559.662269,19:49:19,72.803
1759452569.728479,19:49:29,72.801
1759452579.797326,19:49:39,72.842
1759452589.863634,19:49:49,72.820
1759452599.930259,19:49:59,72.765
1759452610.000664,19:50:10,72.799
1759452620.066908,19:50:20,72.788
1759452630.13325,19:50:30,72.771
1759452640.208703,19:50:40,72.751
1759452650.275473,19:50:50,72.804
1759452660.341689,19:51:00,72.784
1759452670.411643,19:51:10,72.794
1759452680.477973,19:51:20,72.782
1759452690.544493,19:51:30,72.776
1759452700.645716,19:51:40,72.700
1759452710.711958,19:51:50,72.772
1759452720.778276,19:52:00,72.750
1759452730.850954,19:52:10,72.776
1759452740.917332,19:52:20,72.754
1759452750.983645,19:52:30,72.734
1759452761.053827,19:52:41,72.732
1759452771.12067,19:52:51,72.673
1759452781.186896,19:53:01,72.717
1759452791.258128,19:53:11,72.702
1759452801.324833,19:53:21,72.751
1759452811.391432,19:53:31,72.692
1759452821.461269,19:53:41,72.771
1759452831.527766,19:53:51,72.737
1759452841.59372,19:54:01,72.743
1759452851.681812,19:54:11,72.712
1759452861.748019,19:54:21,72.765
1759452871.81496,19:54:31,72.758
1759452881.884894,19:54:41,72.729
1759452891.951122,19:54:51,72.720
1759452902.017799,19:55:02,72.718
1759452912.088838,19:55:12,72.664
1759452922.155737,19:55:22,72.683
1759452932.234119,19:55:32,72.685
1759452942.308242,19:55:42,72.730
1759452952.375092,19:55:52,72.722
1759452962.441268,19:56:02,72.650
1759452972.515386,19:56:12,72.665
1759452982.5817,19:56:22,72.669
1759452992.672973,19:56:32,72.628
1759453002.742069,19:56:42,72.636
1759453012.808869,19:56:52,72.695
1759453022.875718,19:57:02,72.710
1759453032.948815,19:57:12,72.752
1759453043.015393,19:57:23,72.647
1759453053.081687,19:57:33,72.684
1759453063.152369,19:57:43,72.685
1759453073.224303,19:57:53,72.707
1759453083.291109,19:58:03,72.663
1759453093.362212,19:58:13,72.649
1759453103.428468,19:58:23,72.647
1759453113.494658,19:58:33,72.646
1759453123.566835,19:58:43,72.685
1759453133.656462,19:58:53,72.620
1759453143.722572,19:59:03,72.622
1759453153.795721,19:59:13,72.644
1759453163.862397,19:59:23,72.643
1759453173.928569,19:59:33,72.696
1759453184.000003,19:59:44,72.607
1759453194.066361,19:59:54,72.687
1759453204.132785,20:00:04,72.681
1759453214.207483,20:00:14,72.674
1759453224.274052,20:00:24,72.675
1759453234.341079,20:00:34,72.664
1759453244.410246,20:00:44,72.682
1759453254.476568,20:00:54,72.660
1759453264.543344,20:01:04,72.668
1759453274.613014,20:01:14,72.588
1759453284.695292,20:01:24,72.601
1759453294.761475,20:01:34,72.700
1759453304.838809,20:01:44,72.624
1759453314.904997,20:01:54,72.596
1759453324.971767,20:02:04,72.665
1759453335.046225,20:02:15,72.611
1759453345.112414,20:02:25,72.627
1759453355.18058,20:02:35,72.598
1759453365.253034,20:02:45,72.587
1759453375.319853,20:02:55,72.659
1759453385.386453,20:03:05,72.654
1759453395.457064,20:03:15,72.551
1759453405.523783,20:03:25,72.635
1759453415.590488,20:03:35,72.653
1759453425.681753,20:03:45,72.572
1759453435.748525,20:03:55,72.573
1759453445.81514,20:04:05,72.653
1759453455.889472,20:04:15,72.629
1759453465.956168,20:04:25,72.604
1759453476.023194,20:04:36,72.606
1759453486.091482,20:04:46,72.613
1759453496.15797,20:04:56,72.595
1759453506.236306,20:05:06,72.614
1759453516.306802,20:05:16,72.627
1759453526.373651,20:05:26,72.648
1759453536.440018,20:05:36,72.632
1759453546.510776,20:05:46,72.641
1759453556.57784,20:05:56,72.572
1759453566.645016,20:06:06,72.586
1759453576.740371,20:06:16,72.532
1759453586.80735,20:06:26,72.564
1759453596.873728,20:06:36,72.535
1759453606.947471,20:06:46,72.502
1759453617.014167,20:06:57,72.580
1759453627.080716,20:07:07,72.606
1759453637.149895,20:07:17,72.602
1759453647.216759,20:07:27,72.601
1759453657.283178,20:07:37,72.653
1759453667.355557,20:07:47,72.583
1759453677.422276,20:07:57,72.521
1759453687.488721,20:08:07,72.575
1759453697.565856,20:08:17,72.584
1759453707.632724,20:08:27,72.598
1759453717.72522,20:08:37,72.528
1759453727.794406,20:08:47,72.624
1759453737.861265,20:08:57,72.586
1759453747.928145,20:09:07,72.586
1759453757.999549,20:09:17,72.536
1759453768.065767,20:09:28,72.540
1759453778.132184,20:09:38,72.528
1759453788.205314,20:09:48,72.502
1759453798.271458,20:09:58,72.527
1759453808.337906,20:10:08,72.496
1759453818.414523,20:10:18,72.537
1759453828.481014,20:10:28,72.567
1759453838.547462,20:10:38,72.577
1759453848.616343,20:10:48,72.457
1759453858.683335,20:10:58,72.551
1759453868.769139,20:11:08,72.516
1759453878.838066,20:11:18,72.528
1759453888.905019,20:11:28,72.514
1759453898.971365,20:11:38,72.539
1759453909.044741,20:11:49,72.566
1759453919.111124,20:11:59,72.559
1759453929.177557,20:12:09,72.519
1759453939.261936,20:12:19,72.472
1759453949.328406,20:12:29,72.476
1759453959.394937,20:12:39,72.553
1759453969.46705,20:12:49,72.564
1759453979.533377,20:12:59,72.568
1759453989.600413,20:13:09,72.466
1759453999.675134,20:13:19,72.535
1759454009.769692,20:13:29,72.465
1759454019.836219,20:13:39,72.549
1759454029.907394,20:13:49,72.435
1759454039.974393,20:13:59,72.527
1759454050.041198,20:14:10,72.487
1759454060.114535,20:14:20,72.509
1759454070.181014,20:14:30,72.514
1759454080.259165,20:14:40,72.490
1759454090.330052,20:14:50,72.512
1759454100.396691,20:15:00,72.476
1759454110.463357,20:15:10,72.498
1759454120.536271,20:15:20,72.494
1759454130.602725,20:15:30,72.463
1759454140.669487,20:15:40,72.489
1759454150.738947,20:15:50,72.514
1759454160.821576,20:16:00,72.448
1759454170.88848,20:16:10,72.496
1759454180.961362,20:16:20,72.466
1759454191.02776,20:16:31,72.527
1759454201.095036,20:16:41,72.519
1759454211.172439,20:16:51,72.448
1759454221.251236,20:17:01,72.441
1759454231.317756,20:17:11,72.432
1759454241.389693,20:17:21,72.487
1759454251.455897,20:17:31,72.478
1759454261.522425,20:17:41,72.469
1759454271.596362,20:17:51,72.417
1759454281.662634,20:18:01,72.476
1759454291.729081,20:18:11,72.463
1759454301.827795,20:18:21,72.408
1759454311.894643,20:18:31,72.469
1759454321.961524,20:18:41,72.464
1759454332.035148,20:18:52,72.402
1759454342.101955,20:19:02,72.417
1759454352.168522,20:19:12,72.475
1759454362.246227,20:19:22,72.463
1759454372.313255,20:19:32,72.480
1759454382.379629,20:19:42,72.400
1759454392.45079,20:19:52,72.485
1759454402.517382,20:20:02,72.462
1759454412.583694,20:20:12,72.471
1759454422.653001,20:20:22,72.429
1759454432.719183,20:20:32,72.413
1759454442.805916,20:20:42,72.447
1759454452.876511,20:20:52,72.406
1759454462.943351,20:21:02,72.425
1759454473.009942,20:21:13,72.455
1759454483.080892,20:21:23,72.419
1759454493.147967,20:21:33,72.462
1759454503.215193,20:21:43,72.449
1759454513.285441,20:21:53,72.433
1759454523.352323,20:22:03,72.375
1759454533.418866,20:22:13,72.447
1759454543.491126,20:22:23,72.383
1759454553.558079,20:22:33,72.448
1759454563.624551,20:22:43,72.440
1759454573.693558,20:22:53,72.407
1759454583.7603,20:23:03,72.370
1759454593.861492,20:23:13,72.358
1759454603.934884,20:23:23,72.409
1759454614.001244,20:23:34,72.406
1759454624.067738,20:23:44,72.382
1759454634.137129,20:23:54,72.424
1759454644.20414,20:24:04,72.364
1759454654.270858,20:24:14,72.375
1759454664.341821,20:24:24,72.428
1759454674.408125,20:24:34,72.370
1759454684.474677,20:24:44,72.378
1759454694.547628,20:24:54,72.332
1759454704.614006,20:25:04,72.409
1759454714.680534,20:25:14,72.351
1759454724.750986,20:25:24,72.388
1759454734.826407,20:25:34,72.372
1759454744.910869,20:25:44,72.343
1759454754.980997,20:25:54,72.332
1759454765.047527,20:26:05,72.361
1759454775.114128,20:26:15,72.346
1759454785.189511,20:26:25,72.388
1759454795.27006,20:26:35,72.312
1759454805.336312,20:26:45,72.392
1759454815.407973,20:26:55,72.401
1759454825.474439,20:27:05,72.374
1759454835.540764,20:27:15,72.325
1759454845.61224,20:27:25,72.317
1759454855.678511,20:27:35,72.373
1759454865.745185,20:27:45,72.387
1759454875.817802,20:27:55,72.340
1759454885.903363,20:28:05,72.322
1759454895.969997,20:28:15,72.306
1759454906.043528,20:28:26,72.350
1759454916.109787,20:28:36,72.380
1759454926.176456,20:28:46,72.294
1759454936.254746,20:28:56,72.335
1759454946.321432,20:29:06,72.344
1759454956.387938,20:29:16,72.299
1759454966.457833,20:29:26,72.306
1759454976.524172,20:29:36,72.328
1759454986.590842,20:29:46,72.272
1759454996.660863,20:29:56,72.290
1759455006.727514,20:30:06,72.282
1759455016.793841,20:30:16,72.366
1759455026.885078,20:30:26,72.280
1759455036.951294,20:30:36,72.228
1759455047.017539,20:30:47,72.370
1759455057.091838,20:30:57,72.346
1759455067.158093,20:31:07,72.347
1759455077.224542,20:31:17,72.266
1759455087.298747,20:31:27,72.343
1759455097.365806,20:31:37,72.326
1759455107.432145,20:31:47,72.265
1759455117.505397,20:31:57,72.330
1759455127.572267,20:32:07,72.312
1759455137.638826,20:32:17,72.251
1759455147.708154,20:32:27,72.226
1759455157.774433,20:32:37,72.296
1759455167.841147,20:32:47,72.274
1759455177.935363,20:32:57,72.234
1759455188.00199,20:33:08,72.272
1759455198.068593,20:33:18,72.321
1759455208.137485,20:33:28,72.233
1759455218.20367,20:33:38,72.301
1759455228.276057,20:33:48,72.239
1759455238.350531,20:33:58,72.305
1759455248.417523,20:34:08,72.285
1759455258.484027,20:34:18,72.279
1759455268.554386,20:34:28,72.265
1759455278.621303,20:34:38,72.278
1759455288.687631,20:34:48,72.290
1759455298.76138,20:34:58,72.274
1759455308.828479,20:35:08,72.309
1759455318.908693,20:35:18,72.224
1759455328.991341,20:35:28,72.235
1759455339.057531,20:35:39,72.271
1759455349.123993,20:35:49,72.268
1759455359.193941,20:35:59,72.281
1759455369.278156,20:36:09,72.179
1759455379.344731,20:36:19,72.283
1759455389.416554,20:36:29,72.239
1759455399.483448,20:36:39,72.224
1759455409.549793,20:36:49,72.208
1759455419.622395,20:36:59,72.215
1759455429.689029,20:37:09,72.275
1759455439.755275,20:37:19,72.208
1759455449.824794,20:37:29,72.215
1759455459.891087,20:37:39,72.231
1759455469.978919,20:37:49,72.204
1759455480.058496,20:38:00,72.227
1759455490.125587,20:38:10,72.266
1759455500.192469,20:38:20,72.196
1759455510.28083,20:38:30,72.190
1759455520.347516,20:38:40,72.224
1759455530.413703,20:38:50,72.199
1759455540.48273,20:39:00,72.187
1759455550.549256,20:39:10,72.246
1759455560.615501,20:39:20,72.257
1759455570.687028,20:39:30,72.228
1759455580.753392,20:39:40,72.161
1759455590.81991,20:39:50,72.227
1759455600.889195,20:40:00,72.224
1759455610.978829,20:40:10,72.166
1759455621.045332,20:40:21,72.149
1759455631.118013,20:40:31,72.179
1759455641.184343,20:40:41,72.188
1759455651.253064,20:40:51,72.180
1759455661.322136,20:41:01,72.228
1759455671.388608,20:41:11,72.219
1759455681.454888,20:41:21,72.224
1759455691.523906,20:41:31,72.194
1759455701.590371,20:41:41,72.215
1759455711.656546,20:41:51,72.179
1759455721.72931,20:42:01,72.245
1759455731.795698,20:42:11,72.219
1759455741.8628,20:42:21,72.220
1759455751.937476,20:42:31,72.223
1759455762.026395,20:42:42,72.139
1759455772.093095,20:42:52,72.201
1759455782.16396,20:43:02,72.218
1759455792.229969,20:43:12,72.193
1759455802.296478,20:43:22,72.144
1759455812.370517,20:43:32,72.181
1759455822.437219,20:43:42,72.158
1759455832.504077,20:43:52,72.131
1759455842.577019,20:44:02,72.162
1759455852.643372,20:44:12,72.146
1759455862.710572,20:44:22,72.182
1759455872.783007,20:44:32,72.134
1759455882.849211,20:44:42,72.120
1759455892.915971,20:44:52,72.169
1759455902.995093,20:45:02,72.165
1759455913.085174,20:45:13,72.147
1759455923.151749,20:45:23,72.146
1759455933.226199,20:45:33,72.184
1759455943.292627,20:45:43,72.068
1759455953.359503,20:45:53,72.106
1759455963.432821,20:46:03,72.166
1759455973.498961,20:46:13,72.186
1759455983.565393,20:46:23,72.108
1759455993.635302,20:46:33,72.169
1759456003.702678,20:46:43,72.136
1759456013.769244,20:46:53,72.112
1759456023.838355,20:47:03,72.155
1759456033.905047,20:47:13,72.143
1759456043.971356,20:47:23,72.107
1759456054.069776,20:47:34,72.097
1759456064.13671,20:47:44,72.149
1759456074.203266,20:47:54,72.129
1759456084.290058,20:48:04,72.130
1759456094.35629,20:48:14,72.187
1759456104.422503,20:48:24,72.147
1759456114.498014,20:48:34,72.112
1759456124.564306,20:48:44,72.110
1759456134.631134,20:48:54,72.124
1759456144.701576,20:49:04,72.145
1759456154.768192,20:49:14,72.096
1759456164.834705,20:49:24,72.131
1759456174.907604,20:49:34,72.166
1759456184.973953,20:49:44,72.122
1759456195.068377,20:49:55,72.051
1759456205.138997,20:50:05,72.034
1759456215.20566,20:50:15,72.106
1759456225.288321,20:50:25,72.050
1759456235.361542,20:50:35,72.031
1759456245.427848,20:50:45,72.089
1759456255.49406,20:50:55,72.093
1759456265.566734,20:51:05,72.127
1759456275.633181,20:51:15,72.076
1759456285.700099,20:51:25,72.068
1759456295.769498,20:51:35,72.114
1759456305.836007,20:51:45,72.087
1759456315.902669,20:51:55,72.123
1759456325.974772,20:52:05,72.069
1759456336.064924,20:52:16,72.039
1759456346.131416,20:52:26,72.027
1759456356.20313,20:52:36,72.055
1759456366.281628,20:52:46,72.067
1759456376.348895,20:52:56,72.129
1759456386.419433,20:53:06,72.113
1759456396.485693,20:53:16,72.049
1759456406.552519,20:53:26,72.107
1759456416.622425,20:53:36,72.075
1759456426.689497,20:53:46,72.045
1759456436.755841,20:53:56,72.016
1759456446.829197,20:54:06,72.060
1759456456.89559,20:54:16,72.039
1759456466.962003,20:54:26,72.088
1759456477.035247,20:54:37,72.079
1759456487.118519,20:54:47,72.031
1759456497.185184,20:54:57,72.064
1759456507.255864,20:55:07,72.054
1759456517.322478,20:55:17,72.092
1759456527.389232,20:55:27,72.065
1759456537.461965,20:55:37,72.034
1759456547.528347,20:55:47,72.062
1759456557.594828,20:55:57,71.997
1759456567.664953,20:56:07,72.050
1759456577.731506,20:56:17,72.017
1759456587.798089,20:56:27,71.996
1759456597.866968,20:56:37,72.010
1759456607.933313,20:56:47,72.047
1759456617.999526,20:56:57,72.006
1759456628.075673,20:57:08,71.991
1759456638.160406,20:57:18,71.992
1759456648.226651,20:57:28,72.052
1759456658.300469,20:57:38,71.961
1759456668.367675,20:57:48,71.993
1759456678.433863,20:57:58,72.002
1759456688.507167,20:58:08,72.032
1759456698.573389,20:58:18,71.968
1759456708.639849,20:58:28,72.028
1759456718.712327,20:58:38,72.005
1759456728.778727,20:58:48,72.034
1759456738.845092,20:58:58,72.025
1759456748.918947,20:59:08,71.962
1759456758.985206,20:59:18,71.982
1759456769.05186,20:59:29,71.986
1759456779.153375,20:59:39,71.929
1759456789.219634,20:59:49,72.024
1759456799.29748,20:59:59,71.964
1759456809.370565,21:00:09,71.929
1759456819.437571,21:00:19,71.977
1759456829.503983,21:00:29,71.970
1759456839.575928,21:00:39,72.004
1759456849.643371,21:00:49,71.998
1759456859.709735,21:00:59,71.915
1759456869.783828,21:01:09,71.934
1759456879.850269,21:01:19,71.969
1759456889.917697,21:01:29,71.994
1759456899.986923,21:01:39,71.938
1759456910.053155,21:01:50,71.980
1759456920.14987,21:02:00,71.947
1759456930.221077,21:02:10,71.983
1759456940.299168,21:02:20,71.982
1759456950.365477,21:02:30,71.973
1759456960.435313,21:02:40,72.000
1759456970.502042,21:02:50,71.927
1759456980.568466,21:03:00,71.981
1759456990.645188,21:03:10,71.973
1759457000.711515,21:03:20,71.969
1759457010.777342,21:03:30,71.984
1759457020.849794,21:03:40,71.938
1759457030.916516,21:03:50,71.990
1759457040.983086,21:04:00,71.966
1759457051.052348,21:04:11,71.887
1759457061.127344,21:04:21,71.881
1759457071.21194,21:04:31,71.882
1759457081.295165,21:04:41,71.927
1759457091.361686,21:04:51,71.949
1759457101.427412,21:05:01,71.958
1759457111.499008,21:05:11,71.942
1759457121.565729,21:05:21,71.892
1759457131.632232,21:05:31,71.943
1759457141.701361,21:05:41,71.953
1759457151.768199,21:05:51,71.933
1759457161.834876,21:06:01,71.908
1759457171.905336,21:06:11,71.965
1759457181.971616,21:06:21,71.953
1759457192.037855,21:06:32,71.938
1759457202.112457,21:06:42,71.913
1759457212.197063,21:06:52,71.837
1759457222.263802,21:07:02,71.868
1759457232.334408,21:07:12,71.933
1759457242.401222,21:07:22,71.904
1759457252.467855,21:07:32,71.909
1759457262.540637,21:07:42,71.864
1759457272.607326,21:07:52,71.863
1759457282.674246,21:08:02,71.907
1759457292.744909,21:08:12,71.849
1759457302.811195,21:08:22,71.841
1759457312.878135,21:08:32,71.894
1759457322.947944,21:08:42,71.894
1759457333.014022,21:08:53,71.874
1759457343.080764,21:09:03,71.892
1759457353.15114,21:09:13,71.810
1759457363.234919,21:09:23,71.836
1759457373.305684,21:09:33,71.859
1759457383.380156,21:09:43,71.862
1759457393.446588,21:09:53,71.866
1759457403.513078,21:10:03,71.821
1759457413.584038,21:10:13,71.856
1759457423.650357,21:10:23,71.884
1759457433.717475,21:10:33,71.811
1759457443.78622,21:10:43,71.842
1759457453.852367,21:10:53,71.897
1759457463.918935,21:11:03,71.874
1759457473.993326,21:11:13,71.812
1759457484.059562,21:11:24,71.830
1759457494.12582,21:11:34,71.800
1759457504.225857,21:11:44,71.801
1759457514.307012,21:11:54,71.756
1759457524.373111,21:12:04,71.751
1759457534.625372,21:12:14,71.771
1759457544.691463,21:12:24,71.837
1759457554.758158,21:12:34,71.846
1759457564.829882,21:12:44,71.836
1759457574.89681,21:12:54,71.862
1759457584.963679,21:13:04,71.851
1759457595.039321,21:13:15,71.855
1759457605.106197,21:13:25,71.835
1759457615.172864,21:13:35,71.813
1759457625.268837,21:13:45,71.775
1759457635.335121,21:13:55,71.839
1759457645.401784,21:14:05,71.798
1759457655.473563,21:14:15,71.744
1759457665.539766,21:14:25,71.784
1759457675.606904,21:14:35,71.859
1759457685.677141,21:14:45,71.804
1759457695.743523,21:14:55,71.840
1759457705.809876,21:15:05,71.814
1759457715.881601,21:15:15,71.797
1759457725.94834,21:15:25,71.789
1759457736.015211,21:15:36,71.735
1759457746.083865,21:15:46,71.780
1759457756.150529,21:15:56,71.784
1759457766.217447,21:16:06,71.761
1759457776.322992,21:16:16,71.708
1759457786.389628,21:16:26,71.802
1759457796.456413,21:16:36,71.741
1759457806.527398,21:16:46,71.749
1759457816.594056,21:16:56,71.705
1759457826.660363,21:17:06,71.724
1759457836.729393,21:17:16,71.696
1759457846.795834,21:17:26,71.686
1759457856.86243,21:17:36,71.727
1759457866.931358,21:17:46,71.714
1759457876.998102,21:17:56,71.747
1759457887.064313,21:18:07,71.732
1759457897.135116,21:18:17,71.776
1759457907.202059,21:18:27,71.829
1759457917.297908,21:18:37,71.718
1759457927.366758,21:18:47,71.732
1759457937.433073,21:18:57,71.787
1759457947.499366,21:19:07,71.731
1759457957.571244,21:19:17,71.769
1759457967.637501,21:19:27,71.712
1759457977.704317,21:19:37,71.767
1759457987.77362,21:19:47,71.750
1759457997.840269,21:19:57,71.763
1759458007.906835,21:20:07,71.730
1759458017.976538,21:20:17,71.770
1759458028.042702,21:20:28,71.742
1759458038.109457,21:20:38,71.744
1759458048.181695,21:20:48,71.708
1759458058.248159,21:20:58,71.715
1759458068.343481,21:21:08,71.695
1759458078.413996,21:21:18,71.742
1759458088.480667,21:21:28,71.765
1759458098.547318,21:21:38,71.764
1759458108.620336,21:21:48,71.709
1759458118.686623,21:21:58,71.722
1759458128.753529,21:22:08,71.754
1759458138.829511,21:22:18,71.678
1759458148.896623,21:22:28,71.719
1759458158.963503,21:22:38,71.757
1759458169.032341,21:22:49,71.736
1759458179.098987,21:22:59,71.715
1759458189.166127,21:23:09,71.675
1759458199.235344,21:23:19,71.655
1759458209.347257,21:23:29,71.669
1759458219.413905,21:23:39,71.707
1759458229.486946,21:23:49,71.670
1759458239.553235,21:23:59,71.711
1759458249.620321,21:24:09,71.686
1759458259.688911,21:24:19,71.722
1759458269.755529,21:24:29,71.688
1759458279.822667,21:24:39,71.736
1759458289.895656,21:24:49,71.712
1759458299.962489,21:24:59,71.700
1759458310.029015,21:25:10,71.662
1759458320.102473,21:25:20,71.713
1759458330.169467,21:25:30,71.704
1759458340.236039,21:25:40,71.695
1759458350.354382,21:25:50,71.621
1759458360.42097,21:26:00,71.720
1759458370.487464,21:26:10,71.686
1759458380.556384,21:26:20,71.725
1759458390.622492,21:26:30,71.699
1759458400.68869,21:26:40,71.653
1759458410.761066,21:26:50,71.699
1759458420.827257,21:27:00,71.622
1759458430.893987,21:27:10,71.634
1759458440.964953,21:27:20,71.597
1759458451.031405,21:27:31,71.674
1759458461.097888,21:27:41,71.636
1759458471.166258,21:27:51,71.662
1759458481.232811,21:28:01,71.636
1759458491.320903,21:28:11,71.571
1759458501.412954,21:28:21,71.597
1759458511.47927,21:28:31,71.666
1759458521.545679,21:28:41,71.665
1759458531.619544,21:28:51,71.656
1759458541.685925,21:29:01,71.693
1759458551.753326,21:29:11,71.648
1759458561.824383,21:29:21,71.595
1759458571.890815,21:29:31,71.693
1759458581.957253,21:29:41,71.618
1759458592.026433,21:29:52,71.662
1759458602.09261,21:30:02,71.676
1759458612.158809,21:30:12,71.641
1759458622.230064,21:30:22,71.658
1759458632.30215,21:30:32,71.566
1759458642.390679,21:30:42,71.579
1759458652.459792,21:30:52,71.645
1759458662.527889,21:31:02,71.634
1759458672.594709,21:31:12,71.644
1759458682.66361,21:31:22,71.623
1759458692.730411,21:31:32,71.656
1759458702.796833,21:31:42,71.563
1759458712.867141,21:31:52,71.628
1759458722.933628,21:32:02,71.617
1759458733.000226,21:32:13,71.562
1759458743.076806,21:32:23,71.584
1759458753.143,21:32:33,71.573
1759458763.209533,21:32:43,71.636
1759458773.281011,21:32:53,71.608
1759458783.347621,21:33:03,71.612
1759458793.431629,21:33:13,71.537
1759458803.500657,21:33:23,71.549
1759458813.566967,21:33:33,71.579
1759458823.633664,21:33:43,71.625
1759458833.703657,21:33:53,71.625
1759458843.769933,21:34:03,71.631
1759458853.836171,21:34:13,71.573
1759458863.90732,21:34:23,71.573
1759458873.973845,21:34:33,71.653
1759458884.039949,21:34:44,71.609
1759458894.110971,21:34:54,71.641
1759458904.177307,21:35:04,71.579
1759458914.243965,21:35:14,71.609
1759458924.333397,21:35:24,71.534
1759458934.421495,21:35:34,71.510
1759458944.488194,21:35:44,71.579
1759458954.557972,21:35:54,71.567
1759458964.624491,21:36:04,71.572
1759458974.691126,21:36:14,71.609
1759458984.762022,21:36:24,71.586
1759458994.828191,21:36:34,71.591
1759459004.894612,21:36:44,71.562
1759459014.966544,21:36:54,71.541
1759459025.033389,21:37:05,71.616
1759459035.099874,21:37:15,71.599
1759459045.172038,21:37:25,71.498
1759459055.238346,21:37:35,71.523
1759459065.312668,21:37:45,71.528
1759459075.381585,21:37:55,71.583
1759459085.473355,21:38:05,71.521
1759459095.539961,21:38:15,71.492
1759459105.61242,21:38:25,71.511
1759459115.678722,21:38:35,71.512
1759459125.74547,21:38:45,71.512
1759459135.815059,21:38:55,71.572
1759459145.881513,21:39:05,71.537
1759459155.94851,21:39:15,71.594
1759459166.021215,21:39:26,71.543
1759459176.087568,21:39:36,71.569
1759459186.153764,21:39:46,71.518
1759459196.224433,21:39:56,71.517
1759459206.29062,21:40:06,71.565
1759459216.356744,21:40:16,71.516
1759459226.440152,21:40:26,71.448
1759459236.515814,21:40:36,71.486
1759459246.582155,21:40:46,71.528
1759459256.652188,21:40:56,71.531
1759459266.719428,21:41:06,71.547
1759459276.786114,21:41:16,71.545
1759459286.85683,21:41:26,71.537
1759459296.923895,21:41:36,71.535
1759459306.990195,21:41:46,71.481
1759459317.064168,21:41:57,71.485
1759459327.130976,21:42:07,71.529
1759459337.197434,21:42:17,71.473
1759459347.272022,21:42:27,71.473
1759459357.338233,21:42:37,71.477
1759459367.405432,21:42:47,71.484
1759459377.505964,21:42:57,71.476
1759459387.572504,21:43:07,71.525
1759459397.639045,21:43:17,71.501
1759459407.712329,21:43:27,71.479
1759459417.779185,21:43:37,71.516
1759459427.845409,21:43:47,71.464
1759459437.918308,21:43:57,71.425
1759459447.985516,21:44:07,71.472
1759459458.052112,21:44:18,71.475
1759459468.123502,21:44:28,71.449
1759459478.189685,21:44:38,71.511
1759459488.256116,21:44:48,71.488
1759459498.345843,21:44:58,71.451
1759459508.412306,21:45:08,71.463
1759459518.513705,21:45:18,71.425
1759459528.583352,21:45:28,71.494
1759459538.650247,21:45:38,71.445
1759459548.717315,21:45:48,71.483
1759459558.786892,21:45:58,71.460
1759459568.853451,21:46:08,71.459
1759459578.920514,21:46:18,71.479
1759459588.990789,21:46:28,71.453
1759459599.057069,21:46:39,71.489
1759459609.123452,21:46:49,71.496
1759459619.193547,21:46:59,71.515
1759459629.259982,21:47:09,71.491
1759459639.338928,21:47:19,71.442
1759459649.410126,21:47:29,71.485
1759459659.476396,21:47:39,71.464
1759459669.557985,21:47:49,71.432
1759459679.627655,21:47:59,71.496
1759459689.694011,21:48:09,71.463
1759459699.760664,21:48:19,71.503
1759459709.833693,21:48:29,71.464
1759459719.900089,21:48:39,71.432
1759459729.966904,21:48:49,71.459
1759459740.039684,21:49:00,71.459
1759459750.106533,21:49:10,71.460
1759459760.173143,21:49:20,71.459
1759459770.247305,21:49:30,71.408
1759459780.321084,21:49:40,71.440
1759459790.387307,21:49:50,71.475
1759459800.464237,21:50:00,71.485
1759459810.557482,21:50:10,71.392
1759459820.624394,21:50:20,71.418
1759459830.700639,21:50:30,71.412
1759459840.767148,21:50:40,71.465
1759459850.833539,21:50:50,71.448
1759459860.904612,21:51:00,71.412
1759459870.971037,21:51:10,71.399
1759459881.037607,21:51:21,71.435
1759459891.111795,21:51:31,71.425
1759459901.178075,21:51:41,71.439
1759459911.244766,21:51:51,71.411
1759459921.320783,21:52:01,71.346
1759459931.387121,21:52:11,71.376
1759459941.453634,21:52:21,71.411
1759459951.533974,21:52:31,71.362
1759459961.618535,21:52:41,71.372
1759459971.685638,21:52:51,71.419
1759459981.754304,21:53:01,71.383
1759459991.820509,21:53:11,71.417
1759460001.88751,21:53:21,71.410
1759460011.957355,21:53:31,71.330
1759460022.024028,21:53:42,71.414
1759460032.091077,21:53:52,71.367
1759460042.162473,21:54:02,71.438
1759460052.229229,21:54:12,71.420
1759460062.296708,21:54:22,71.404
1759460072.366136,21:54:32,71.361
1759460082.432609,21:54:42,71.423
1759460092.499531,21:54:52,71.383
1759460102.601454,21:55:02,71.383
1759460112.668459,21:55:12,71.389
1759460122.734889,21:55:22,71.378
1759460132.807743,21:55:32,71.385
1759460142.87465,21:55:42,71.362
1759460152.940883,21:55:52,71.406
1759460163.013487,21:56:03,71.371
1759460173.080451,21:56:13,71.385
1759460183.14657,21:56:23,71.377
1759460193.218937,21:56:33,71.375
1759460203.286142,21:56:43,71.354
1759460213.35258,21:56:53,71.341
1759460223.425795,21:57:03,71.317
1759460233.492502,21:57:13,71.340
1759460243.582402,21:57:23,71.268
1759460253.655999,21:57:33,71.261
1759460263.722663,21:57:43,71.341
1759460273.788975,21:57:53,71.307
1759460283.860851,21:58:03,71.292
1759460293.927318,21:58:13,71.321
1759460303.993718,21:58:23,71.293
1759460314.065336,21:58:34,71.339
1759460324.131727,21:58:44,71.315
1759460334.198361,21:58:54,71.275
1759460344.271872,21:59:04,71.283
1759460354.348536,21:59:14,71.314
1759460364.415132,21:59:24,71.284
1759460374.488132,21:59:34,71.295
1759460384.555146,21:59:44,71.354
1759460394.641535,21:59:54,71.251
1759460404.719175,22:00:04,71.305
1759460414.785549,22:00:14,71.337
1759460424.851644,22:00:24,71.299
1759460434.922555,22:00:34,71.370
1759460444.989268,22:00:44,71.265
1759460455.056185,22:00:55,71.255
1759460465.124701,22:01:05,71.299
1759460475.191751,22:01:15,71.327
1759460485.258269,22:01:25,71.292
1759460495.335746,22:01:35,71.272
1759460505.402142,22:01:45,71.233
1759460515.468595,22:01:55,71.278
1759460525.539929,22:02:05,71.262
1759460535.635322,22:02:15,71.249
1759460545.701532,22:02:25,71.269
1759460555.773051,22:02:35,71.228
1759460565.840031,22:02:45,71.303
1759460575.90664,22:02:55,71.240
1759460585.976075,22:03:05,71.304
1759460596.042846,22:03:16,71.313
1759460606.109843,22:03:26,71.319
1759460616.180313,22:03:36,71.291
1759460626.246674,22:03:46,71.303
1759460636.313486,22:03:56,71.324
1759460646.383631,22:04:06,71.303
1759460656.449902,22:04:16,71.281
1759460666.516715,22:04:26,71.244
1759460676.588327,22:04:36,71.297
1759460686.671508,22:04:46,71.227
1759460696.738313,22:04:56,71.327
1759460706.806828,22:05:06,71.253
1759460716.872832,22:05:16,71.293
1759460726.938966,22:05:26,71.306
1759460737.013866,22:05:37,71.244
1759460747.080916,22:05:47,71.307
1759460757.147212,22:05:57,71.266
1759460767.220365,22:06:07,71.276
1759460777.287054,22:06:17,71.282
1759460787.35448,22:06:27,71.193
1759460797.427353,22:06:37,71.261
1759460807.493376,22:06:47,71.250
1759460817.559806,22:06:57,71.266
1759460827.663924,22:07:07,71.178
1759460837.73044,22:07:17,71.254
1759460847.796606,22:07:27,71.276
1759460857.871246,22:07:37,71.230
1759460867.937578,22:07:47,71.272
1759460878.003961,22:07:58,71.218
1759460888.073406,22:08:08,71.173
1759460898.139729,22:08:18,71.146
1759460908.206593,22:08:28,71.226
1759460918.276872,22:08:38,71.225
1759460928.356897,22:08:48,71.185
1759460938.424099,22:08:58,71.173
1759460948.494647,22:09:08,71.247
1759460958.561072,22:09:18,71.180
1759460968.647414,22:09:28,71.149
1759460978.717742,22:09:38,71.178
1759460988.784104,22:09:48,71.202
1759460998.85076,22:09:58,71.203
1759461008.923577,22:10:08,71.190
1759461018.990302,22:10:18,71.194
1759461029.05706,22:10:29,71.250
1759461039.131316,22:10:39,71.240
1759461049.198238,22:10:49,71.265
1759461059.265348,22:10:59,71.181
1759461069.343362,22:11:09,71.159
1759461079.410324,22:11:19,71.235
1759461089.478137,22:11:29,71.199
1759461099.554935,22:11:39,71.152
1759461109.621799,22:11:49,71.216
1759461119.703226,22:11:59,71.158
1759461129.771852,22:12:09,71.150
1759461139.838527,22:12:19,71.146
1759461149.905184,22:12:29,71.153
1759461159.974138,22:12:39,71.127
1759461170.040923,22:12:50,71.195
1759461180.107443,22:13:00,71.174
1759461190.180962,22:13:10,71.200
1759461200.247955,22:13:20,71.184
1759461210.314785,22:13:30,71.198
1759461220.388062,22:13:40,71.157
1759461230.455103,22:13:50,71.191
1759461240.52133,22:14:00,71.140
1759461250.592837,22:14:10,71.170
1759461260.659196,22:14:20,71.180
1759461270.743068,22:14:30,71.123
1759461280.815157,22:14:40,71.159
1759461290.881726,22:14:50,71.189
1759461300.947812,22:15:00,71.163
1759461311.018809,22:15:11,71.194
1759461321.085648,22:15:21,71.177
1759461331.152087,22:15:31,71.168
1759461341.223782,22:15:41,71.194
1759461351.29048,22:15:51,71.119
1759461361.362165,22:16:01,71.122
1759461371.43533,22:16:11,71.153
1759461381.50154,22:16:21,71.126
1759461391.568235,22:16:31,71.166
1759461401.637412,22:16:41,71.174
1759461411.741535,22:16:51,71.080
1759461421.807992,22:17:01,71.138
1759461431.878501,22:17:11,71.047
1759461441.944918,22:17:21,71.120
1759461452.011505,22:17:32,71.090
1759461462.086213,22:17:42,71.046
1759461472.152434,22:17:52,71.034
1759461482.218261,22:18:02,71.110
1759461492.293327,22:18:12,71.024
1759461502.364614,22:18:22,71.061
1759461512.431543,22:18:32,71.112
1759461522.508392,22:18:42,71.108
1759461532.574535,22:18:52,71.076
1759461542.640994,22:19:02,71.064
1759461552.719963,22:19:12,71.045
1759461562.809169,22:19:22,71.010
1759461572.875972,22:19:32,71.026
1759461582.950985,22:19:42,71.093
1759461593.017251,22:19:53,70.991
1759461603.083687,22:20:03,71.037
1759461613.154431,22:20:13,71.037
1759461623.220702,22:20:23,71.041
1759461633.287121,22:20:33,71.046
1759461643.376597,22:20:43,70.968
1759461653.443006,22:20:53,70.993
1759461663.509377,22:21:03,71.030
1759461673.579814,22:21:13,70.934
1759461683.645974,22:21:23,71.022
1759461693.712299,22:21:33,70.991
1759461703.801553,22:21:43,70.947
1759461713.868338,22:21:53,70.996
1759461723.934702,22:22:03,70.954
1759461734.003998,22:22:14,70.975
1759461744.070393,22:22:24,70.988
1759461754.136858,22:22:34,71.023
1759461764.206955,22:22:44,71.041
1759461774.273609,22:22:54,71.067
1759461784.344978,22:23:04,71.068
1759461794.420217,22:23:14,71.003
1759461804.48632,22:23:24,71.046
1759461814.552887,22:23:34,71.063
1759461824.623734,22:23:44,71.103
1759461834.690458,22:23:54,71.087
1759461844.767699,22:24:04,71.002
1759461854.854328,22:24:14,70.987
1759461864.920527,22:24:24,71.053
1759461874.986782,22:24:34,70.995
1759461885.05806,22:24:45,70.989
1759461895.124469,22:24:55,70.982
1759461905.191275,22:25:05,70.969
1759461915.263075,22:25:15,71.006
1759461925.32968,22:25:25,70.992
1759461935.396107,22:25:35,71.045
1759461945.465509,22:25:45,71.040
1759461955.532228,22:25:55,70.993
1759461965.598813,22:26:05,70.984
1759461975.66954,22:26:15,70.958
1759461985.735786,22:26:25,71.021
1759461995.828905,22:26:35,70.948
1759462005.906313,22:26:45,70.994
1759462015.97259,22:26:55,71.058
1759462026.03889,22:27:06,71.022
1759462036.114315,22:27:16,71.019
1759462046.180614,22:27:26,70.968
1759462056.247049,22:27:36,70.964
1759462066.319247,22:27:46,71.010
1759462076.38577,22:27:56,70.911
1759462086.45253,22:28:06,71.002
1759462096.523354,22:28:16,70.970
1759462106.590482,22:28:26,71.003
1759462116.656945,22:28:36,71.011
1759462126.730536,22:28:46,71.010
1759462136.816341,22:28:56,70.963
1759462146.889001,22:29:06,70.928
1759462156.961789,22:29:16,70.976
1759462167.028434,22:29:27,70.906
1759462177.094563,22:29:37,70.966
1759462187.168657,22:29:47,70.995
1759462197.234768,22:29:57,70.972
1759462207.301219,22:30:07,71.003
1759462217.379349,22:30:17,70.923
1759462227.445918,22:30:27,70.971
1759462237.512088,22:30:37,70.948
1759462247.581847,22:30:47,70.973
1759462257.648502,22:30:57,70.937
1759462267.715767,22:31:07,70.941
1759462277.788316,22:31:17,70.963
1759462287.874513,22:31:27,70.888
1759462297.941438,22:31:37,70.916
1759462308.010168,22:31:48,70.981
1759462318.076531,22:31:58,70.923
1759462328.143795,22:32:08,70.871
1759462338.21213,22:32:18,70.924
1759462348.278672,22:32:28,70.949
1759462358.347634,22:32:38,70.903
1759462368.417337,22:32:48,70.931
1759462378.483754,22:32:58,70.900
1759462388.550177,22:33:08,70.929
1759462398.62081,22:33:18,70.951
1759462408.68725,22:33:28,70.949
1759462418.75443,22:33:38,70.942
1759462428.838533,22:33:48,70.879
1759462438.910148,22:33:58,70.898
1759462448.977092,22:34:08,70.907
1759462459.04925,22:34:19,70.913
1759462469.115424,22:34:29,70.907
1759462479.182274,22:34:39,70.920
1759462489.254234,22:34:49,70.945
1759462499.321008,22:34:59,70.936
1759462509.387608,22:35:09,70.829
1759462519.462671,22:35:19,70.926
1759462529.528913,22:35:29,70.865
1759462539.595521,22:35:39,70.869
1759462549.669504,22:35:49,70.941
1759462559.736104,22:35:59,70.924
1759462569.802924,22:36:09,70.916
1759462579.91632,22:36:19,70.831
1759462589.982577,22:36:29,70.842
1759462600.048717,22:36:40,70.850
1759462610.123364,22:36:50,70.841
1759462620.189583,22:37:00,70.866
1759462630.256706,22:37:10,70.857
1759462640.326566,22:37:20,70.902
1759462650.392896,22:37:30,70.850
1759462660.45988,22:37:40,70.864
1759462670.533581,22:37:50,70.872
1759462680.600139,22:38:00,70.861
1759462690.667239,22:38:10,70.877
1759462700.735882,22:38:20,70.791
1759462710.802721,22:38:30,70.891
1759462720.893979,22:38:40,70.831
1759462730.970095,22:38:50,70.827
1759462741.037044,22:39:01,70.905
1759462751.104061,22:39:11,70.890
1759462761.175275,22:39:21,70.848
1759462771.241819,22:39:31,70.831
1759462781.308198,22:39:41,70.867
1759462791.388273,22:39:51,70.809
1759462801.454506,22:40:01,70.863
1759462811.5211,22:40:11,70.869
1759462821.590473,22:40:21,70.879
1759462831.656488,22:40:31,70.802
1759462841.723041,22:40:41,70.858
1759462851.793237,22:40:51,70.829
1759462861.85934,22:41:01,70.850
1759462871.946496,22:41:11,70.794
1759462882.02098,22:41:22,70.834
1759462892.087809,22:41:32,70.792
1759462902.154494,22:41:42,70.854
1759462912.230883,22:41:52,70.775
1759462922.297185,22:42:02,70.787
1759462932.375669,22:42:12,70.821
1759462942.447426,22:42:22,70.896
1759462952.514349,22:42:32,70.889
1759462962.580712,22:42:42,70.828
1759462972.654805,22:42:52,70.843
1759462982.721359,22:43:02,70.859
1759462992.787992,22:43:12,70.857
1759463002.858648,22:43:22,70.888
1759463012.949887,22:43:32,70.802
1759463023.016051,22:43:43,70.826
1759463033.0879,22:43:53,70.842
1759463043.154603,22:44:03,70.851
1759463053.221001,22:44:13,70.793
1759463063.292266,22:44:23,70.816
1759463073.365254,22:44:33,70.815
1759463083.431459,22:44:43,70.839
1759463093.500546,22:44:53,70.812
1759463103.567225,22:45:03,70.798
1759463113.633674,22:45:13,70.805
1759463123.703679,22:45:23,70.783
1759463133.769744,22:45:33,70.857
1759463143.835891,22:45:43,70.775
1759463153.905131,22:45:53,70.821
1759463163.993942,22:46:03,70.779
1759463174.06031,22:46:14,70.770
1759463184.129329,22:46:24,70.807
1759463194.195498,22:46:34,70.782
1759463204.26214,22:46:44,70.822
1759463214.33496,22:46:54,70.811
1759463224.401767,22:47:04,70.745
1759463234.468047,22:47:14,70.805
1759463244.53755,22:47:24,70.824
1759463254.604177,22:47:34,70.826
1759463264.670873,22:47:44,70.816
1759463274.74186,22:47:54,70.812
1759463284.808493,22:48:04,70.735
1759463294.87476,22:48:14,70.743
1759463304.971864,22:48:24,70.729
1759463315.038571,22:48:35,70.785
1759463325.10479,22:48:45,70.763
1759463335.175642,22:48:55,70.771
1759463345.24264,22:49:05,70.783
1759463355.309397,22:49:15,70.747
1759463365.396234,22:49:25,70.740
1759463375.462747,22:49:35,70.794
1759463385.528979,22:49:45,70.789
1759463395.599214,22:49:55,70.783
1759463405.66557,22:50:05,70.731
1759463415.73175,22:50:15,70.798
1759463425.805671,22:50:25,70.805
1759463435.872015,22:50:35,70.739
1759463445.938906,22:50:45,70.758
1759463456.029969,22:50:56,70.744
1759463466.096557,22:51:06,70.789
1759463476.163116,22:51:16,70.748
1759463486.234665,22:51:26,70.750
1759463496.300986,22:51:36,70.767
1759463506.377298,22:51:46,70.764
1759463516.449439,22:51:56,70.739
1759463526.515714,22:52:06,70.734
1759463536.582056,22:52:16,70.754
1759463546.652701,22:52:26,70.726
1759463556.719265,22:52:36,70.763
1759463566.785681,22:52:46,70.792
1759463576.856903,22:52:56,70.724
1759463586.923555,22:53:06,70.707
1759463597.01879,22:53:17,70.683
1759463607.089639,22:53:27,70.765
1759463617.156033,22:53:37,70.749
1759463627.222868,22:53:47,70.761
1759463637.293246,22:53:57,70.750
1759463647.359744,22:54:07,70.752
1759463657.426241,22:54:17,70.683
1759463667.496048,22:54:27,70.655
1759463677.562598,22:54:37,70.723
1759463687.628852,22:54:47,70.656
1759463697.699247,22:54:57,70.686
1759463707.765993,22:55:07,70.728
1759463717.832134,22:55:17,70.683
1759463727.900733,22:55:27,70.711
1759463737.966961,22:55:37,70.719
1759463748.051208,22:55:48,70.641
1759463758.120056,22:55:58,70.692
1759463768.186965,22:56:08,70.700
1759463778.253221,22:56:18,70.671
1759463788.324345,22:56:28,70.725
1759463798.397184,22:56:38,70.679
1759463808.463863,22:56:48,70.659
1759463818.534003,22:56:58,70.684
1759463828.600442,22:57:08,70.671
1759463838.666843,22:57:18,70.643
1759463848.738582,22:57:28,70.633
1759463858.804798,22:57:38,70.651
1759463868.871418,22:57:48,70.624
1759463878.940253,22:57:58,70.604
1759463889.02655,22:58:09,70.614
1759463899.100874,22:58:19,70.569
1759463909.173903,22:58:29,70.660
1759463919.240447,22:58:39,70.644
1759463929.306646,22:58:49,70.688
1759463939.383239,22:58:59,70.715
1759463949.449477,22:59:09,70.680
1759463959.515704,22:59:19,70.608
1759463969.585832,22:59:29,70.655
1759463979.652023,22:59:39,70.660
1759463989.718249,22:59:49,70.634
1759463999.788612,22:59:59,70.648
1759464009.855051,23:00:09,70.620
1759464019.921326,23:00:19,70.634
1759464029.990994,23:00:29,70.635
1759464040.082352,23:00:40,70.605
1759464050.148576,23:00:50,70.686
1759464060.217842,23:01:00,70.685
1759464070.284232,23:01:10,70.602
1759464080.350714,23:01:20,70.650
1759464090.420335,23:01:30,70.627
1759464100.486582,23:01:40,70.590
1759464110.55296,23:01:50,70.645
1759464120.623187,23:02:00,70.624
1759464130.68991,23:02:10,70.629
1759464140.757006,23:02:20,70.611
1759464150.82787,23:02:30,70.632
1759464160.894105,23:02:40,70.635
1759464170.960497,23:02:50,70.612
1759464181.033223,23:03:01,70.567
1759464191.117547,23:03:11,70.544
1759464201.184274,23:03:21,70.653
1759464211.261772,23:03:31,70.612
1759464221.328411,23:03:41,70.647
1759464231.402705,23:03:51,70.581
1759464241.478137,23:04:01,70.557
1759464251.544456,23:04:11,70.621
1759464261.611089,23:04:21,70.636
1759464271.68077,23:04:31,70.645
1759464281.747512,23:04:41,70.644
1759464291.814776,23:04:51,70.629
1759464301.887052,23:05:01,70.583
1759464311.953994,23:05:11,70.563
1759464322.020574,23:05:22,70.631
1759464332.11851,23:05:32,70.555
1759464342.185573,23:05:42,70.560
1759464352.251802,23:05:52,70.590
1759464362.325608,23:06:02,70.538
1759464372.406301,23:06:12,70.540
1759464382.473051,23:06:22,70.601
1759464392.542165,23:06:32,70.589
1759464402.609036,23:06:42,70.605
1759464412.67568,23:06:52,70.607
1759464422.748243,23:07:02,70.582
1759464432.815051,23:07:12,70.555
1759464442.88153,23:07:22,70.552
1759464452.952551,23:07:32,70.555
1759464463.019888,23:07:43,70.534
1759464473.10863,23:07:53,70.511
1759464483.177656,23:08:03,70.524
1759464493.244397,23:08:13,70.590
1759464503.311114,23:08:23,70.563
1759464513.389215,23:08:33,70.483
1759464523.455775,23:08:43,70.576
1759464533.521939,23:08:53,70.501
1759464543.59616,23:09:03,70.571
1759464553.663017,23:09:13,70.527
1759464563.729326,23:09:23,70.535
1759464573.800232,23:09:33,70.515
1759464583.86707,23:09:43,70.500
1759464593.933457,23:09:53,70.509
1759464604.004351,23:10:04,70.509
1759464614.071363,23:10:14,70.545
1759464624.155978,23:10:24,70.503
1759464634.224379,23:10:34,70.485
1759464644.290605,23:10:44,70.470
1759464654.357005,23:10:54,70.518
1759464664.426849,23:11:04,70.482
1759464674.493316,23:11:14,70.561
1759464684.559442,23:11:24,70.518
1759464694.630167,23:11:34,70.522
1759464704.696332,23:11:44,70.542
1759464714.762697,23:11:54,70.501
1759464724.832024,23:12:04,70.520
1759464734.898692,23:12:14,70.470
1759464744.965155,23:12:24,70.516
1759464755.041383,23:12:35,70.526
1759464765.118442,23:12:45,70.493
1759464775.203118,23:12:55,70.432
1759464785.273362,23:13:05,70.474
1759464795.339791,23:13:15,70.466
1759464805.413338,23:13:25,70.389
1759464815.486958,23:13:35,70.464
1759464825.553372,23:13:45,70.448
1759464835.61996,23:13:55,70.447
1759464845.691857,23:14:05,70.405
1759464855.758032,23:14:15,70.468
1759464865.824615,23:14:25,70.464
1759464875.894528,23:14:35,70.439
1759464885.960935,23:14:45,70.447
1759464896.027034,23:14:56,70.489
1759464906.095814,23:15:06,70.491
1759464916.186111,23:15:16,70.427
1759464926.252441,23:15:26,70.506
1759464936.3239,23:15:36,70.486
1759464946.401335,23:15:46,70.430
1759464956.467531,23:15:56,70.462
1759464966.540897,23:16:06,70.453
1759464976.607791,23:16:16,70.474
1759464986.674187,23:16:26,70.404
1759464996.746,23:16:36,70.377
1759465006.812519,23:16:46,70.465
1759465016.878775,23:16:56,70.454
1759465026.9542,23:17:06,70.388
1759465037.020706,23:17:17,70.484
1759465047.08705,23:17:27,70.474
1759465057.191137,23:17:37,70.382
1759465067.257129,23:17:47,70.372
1759465077.324299,23:17:57,70.437
1759465087.407757,23:18:07,70.425
1759465097.47389,23:18:17,70.396
1759465107.540436,23:18:27,70.402
1759465117.614594,23:18:37,70.364
1759465127.68088,23:18:47,70.342
1759465137.74723,23:18:57,70.443
1759465147.818921,23:19:07,70.457
1759465157.885492,23:19:17,70.444
1759465167.952058,23:19:27,70.389
1759465178.027987,23:19:38,70.382
1759465188.094832,23:19:48,70.362
1759465198.175949,23:19:58,70.367
1759465208.254787,23:20:08,70.352
1759465218.321916,23:20:18,70.408
1759465228.392721,23:20:28,70.372
1759465238.464379,23:20:38,70.369
1759465248.530826,23:20:48,70.354
1759465258.596997,23:20:58,70.405
1759465268.668371,23:21:08,70.333
1759465278.735092,23:21:18,70.365
1759465288.801719,23:21:28,70.378
1759465298.870989,23:21:38,70.361
1759465308.937493,23:21:48,70.342
1759465319.004304,23:21:59,70.413
1759465329.074332,23:22:09,70.342
1759465339.140942,23:22:19,70.350
1759465349.235538,23:22:29,70.262
1759465359.308752,23:22:39,70.298
1759465369.375028,23:22:49,70.288
1759465379.4413,23:22:59,70.350
1759465389.513417,23:23:09,70.365
1759465399.579752,23:23:19,70.331
1759465409.646349,23:23:29,70.372
1759465419.716441,23:23:39,70.334
1759465429.782662,23:23:49,70.308
1759465439.849673,23:23:59,70.345
1759465449.919125,23:24:09,70.334
1759465459.985631,23:24:19,70.391
1759465470.052183,23:24:30,70.302
1759465480.125732,23:24:40,70.333
1759465490.191999,23:24:50,70.289
1759465500.276683,23:25:00,70.248
1759465510.35271,23:25:10,70.285
1759465520.421214,23:25:20,70.256
1759465530.488264,23:25:30,70.329
1759465540.557369,23:25:40,70.359
1759465550.624434,23:25:50,70.340
1759465560.690743,23:26:00,70.366
1759465570.76572,23:26:10,70.346
1759465580.83182,23:26:20,70.338
1759465590.898305,23:26:30,70.356
1759465600.969269,23:26:40,70.258
1759465611.036124,23:26:51,70.295
1759465621.10324,23:27:01,70.265
1759465631.172675,23:27:11,70.269
1759465641.265355,23:27:21,70.218
1759465651.332622,23:27:31,70.300
1759465661.416308,23:27:41,70.284
1759465671.482807,23:27:51,70.296
1759465681.549154,23:28:01,70.270
1759465691.622842,23:28:11,70.303
1759465701.689326,23:28:21,70.302
1759465711.755736,23:28:31,70.233
1759465721.828017,23:28:41,70.305
1759465731.894478,23:28:51,70.329
1759465741.96048,23:29:01,70.238
1759465752.029436,23:29:12,70.286
1759465762.096133,23:29:22,70.208
1759465772.16273,23:29:32,70.263
1759465782.233216,23:29:42,70.211
1759465792.320374,23:29:52,70.205
1759465802.386922,23:30:02,70.267
1759465812.460077,23:30:12,70.167
1759465822.526767,23:30:22,70.218
1759465832.593142,23:30:32,70.198
1759465842.667354,23:30:42,70.216
1759465852.733967,23:30:52,70.193
1759465862.800329,23:31:02,70.169
1759465872.868819,23:31:12,70.217
1759465882.935315,23:31:22,70.167
1759465893.001591,23:31:33,70.241
1759465903.070578,23:31:43,70.220
1759465913.137126,23:31:53,70.217
1759465923.203585,23:32:03,70.245
1759465933.283298,23:32:13,70.173
1759465943.371399,23:32:23,70.148
1759465953.438178,23:32:33,70.143
1759465963.507897,23:32:43,70.165
1759465973.574768,23:32:53,70.111
1759465983.641176,23:33:03,70.151
1759465993.709667,23:33:13,70.119
1759466003.777033,23:33:23,70.159
1759466013.843391,23:33:33,70.178
1759466023.91762,23:33:43,70.145
1759466033.984017,23:33:53,70.180
1759466044.050617,23:34:04,70.194
1759466054.1225,23:34:14,70.180
1759466064.189113,23:34:24,70.180
1759466074.255766,23:34:34,70.171
1759466084.356062,23:34:44,70.092
1759466094.430347,23:34:54,70.142
1759466104.496854,23:35:04,70.106
1759466114.567774,23:35:14,70.177
1759466124.63399,23:35:24,70.125
1759466134.700225,23:35:34,70.135
1759466144.772501,23:35:44,70.135
1759466154.838809,23:35:54,70.136
1759466164.905692,23:36:04,70.191
1759466174.977101,23:36:14,70.179
1759466185.043774,23:36:25,70.195
1759466195.11036,23:36:35,70.195
1759466205.180256,23:36:45,70.107
1759466215.246914,23:36:55,70.154
1759466225.333217,23:37:05,70.104
1759466235.406856,23:37:15,70.089
1759466245.473504,23:37:25,70.174
1759466255.539923,23:37:35,70.174
1759466265.609097,23:37:45,70.185
1759466275.675436,23:37:55,70.157
1759466285.741984,23:38:05,70.086
1759466295.815181,23:38:15,70.162
1759466305.881888,23:38:25,70.145
1759466315.948272,23:38:35,70.094
1759466326.022593,23:38:46,70.096
1759466336.089448,23:38:56,70.130
1759466346.155823,23:39:06,70.156
1759466356.224672,23:39:16,70.131
1759466366.290953,23:39:26,70.122
1759466376.382269,23:39:36,70.073
1759466386.45141,23:39:46,70.158
1759466396.517672,23:39:56,70.129
1759466406.584081,23:40:06,70.063
1759466416.655527,23:40:16,70.034
1759466426.722097,23:40:26,70.099
1759466436.788558,23:40:36,70.103
1759466446.86238,23:40:46,70.084
1759466456.928922,23:40:56,70.138
1759466466.995505,23:41:06,70.093
1759466477.068907,23:41:17,70.103
1759466487.13542,23:41:27,70.037
1759466497.202101,23:41:37,70.098
1759466507.276188,23:41:47,70.026
1759466517.355264,23:41:57,70.098
1759466527.454934,23:42:07,70.053
1759466537.528078,23:42:17,70.010
1759466547.595267,23:42:27,70.038
1759466557.662065,23:42:37,70.059
1759466567.73334,23:42:47,69.991
1759466577.799698,23:42:57,70.011
1759466587.866208,23:43:07,70.037
1759466597.936303,23:43:17,70.012
1759466608.002693,23:43:28,70.089
1759466618.069566,23:43:38,70.078
1759466628.143126,23:43:48,70.069
1759466638.209568,23:43:58,70.127
1759466648.27588,23:44:08,70.088
1759466658.349654,23:44:18,70.033
1759466668.457859,23:44:28,70.002
1759466678.52407,23:44:38,70.068
1759466688.596719,23:44:48,70.041
1759466698.663385,23:44:58,70.086
1759466708.729779,23:45:08,70.003
1759466718.800837,23:45:18,70.043
1759466728.867746,23:45:28,70.029
1759466738.934469,23:45:38,70.049
1759466749.007336,23:45:49,70.059
1759466759.073423,23:45:59,69.994
1759466769.142887,23:46:09,70.046
1759466779.216971,23:46:19,70.046
1759466789.283149,23:46:29,70.056
1759466799.350152,23:46:39,70.059
1759466809.467569,23:46:49,70.014
1759466819.533796,23:46:59,70.061
1759466829.600916,23:47:09,70.062
1759466839.670128,23:47:19,70.044
1759466849.73653,23:47:29,70.009
1759466859.80295,23:47:39,70.061
1759466869.874575,23:47:49,69.967
1759466879.941231,23:47:59,70.025
1759466890.007764,23:48:10,70.004
1759466900.077,23:48:20,69.989
1759466910.143554,23:48:30,69.980
1759466920.209635,23:48:40,69.973
1759466930.279782,23:48:50,69.987
1759466940.346371,23:49:00,70.032
1759466950.458421,23:49:10,69.952
1759466960.527148,23:49:20,70.049
1759466970.593743,23:49:30,70.011
1759466980.660221,23:49:40,69.991
1759466990.732862,23:49:50,70.003
1759467000.799273,23:50:00,69.992
1759467010.865686,23:50:10,69.909
1759467020.93613,23:50:20,69.887
1759467031.002723,23:50:31,69.952
1759467041.069219,23:50:41,69.979
1759467051.140551,23:50:51,69.907
1759467061.207266,23:51:01,69.951
1759467071.274051,23:51:11,69.936
1759467081.344714,23:51:21,69.966
1759467091.435471,23:51:31,69.905
1759467101.523953,23:51:41,69.891
1759467111.601263,23:51:51,69.904
1759467121.667675,23:52:01,69.936
1759467131.733744,23:52:11,69.883
1759467141.804925,23:52:21,69.923
1759467151.871912,23:52:31,69.961
1759467161.93884,23:52:41,69.902
1759467172.009899,23:52:52,69.971
1759467182.075798,23:53:02,69.983
1759467192.142319,23:53:12,69.977
1759467202.211683,23:53:22,69.982
1759467212.27818,23:53:32,69.971
1759467222.344585,23:53:42,69.893
1759467232.417543,23:53:52,69.899
1759467242.500644,23:54:02,69.890
1759467252.567295,23:54:12,69.910
1759467262.643454,23:54:22,69.961
1759467272.709589,23:54:32,69.946
1759467282.776585,23:54:42,69.939
1759467292.849464,23:54:52,69.933
1759467302.915711,23:55:02,69.959
1759467312.982229,23:55:12,69.938
1759467323.051066,23:55:23,69.985
1759467333.117759,23:55:33,69.983
1759467343.183914,23:55:43,69.917
1759467353.255729,23:55:53,69.923
1759467363.322329,23:56:03,69.907
1759467373.389195,23:56:13,69.973
1759467383.475768,23:56:23,69.886
1759467393.549715,23:56:33,69.892
1759467403.615975,23:56:43,69.866
1759467413.688727,23:56:53,69.911
1759467423.755416,23:57:03,69.924
1759467433.82183,23:57:13,69.913
1759467443.895379,23:57:23,69.894
1759467453.961797,23:57:33,69.874
1759467464.027974,23:57:44,69.827
1759467474.097952,23:57:54,69.846
1759467484.164514,23:58:04,69.809
1759467494.231065,23:58:14,69.885
1759467504.305509,23:58:24,69.814
1759467514.371788,23:58:34,69.829
1759467524.451036,23:58:44,69.770
1759467534.542388,23:58:54,69.772
1759467544.608891,23:59:04,69.860
1759467554.675643,23:59:14,69.801
1759467564.748133,23:59:24,69.803
1759467574.814402,23:59:34,69.870
1759467584.880897,23:59:44,69.859
1759467594.954209,23:59:54,69.927
1759467605.020604,00:00:05,69.871
